ID,LINK_ID,CLICKED_AT,CLICKED_ON,REFERRER,USER_AGENT_CLASS,CLIENT_HASH
"1","1","2026-10-03 11:58:19.994+00","2026-10-03",,"other","985b55fd7309f7193bfb4f7fdce6f131bf74547e43075e469c59926d1e6144d3"
"2","1","2026-10-03 11:58:19.994+00","2026-10-03",,"other","985b55fd7309f7193bfb4f7fdce6f131bf74547e43075e469c59926d1e6144d3"
"3","1","2026-10-03 11:58:19.994+00","2026-10-03",,"other","985b55fd7309f7193bfb4f7fdce6f131bf74547e43075e469c59926d1e6144d3"
"4","1","2026-10-03 11:58:19.994+00","2026-10-03",,"other","985b55fd7309f7193bfb4f7fdce6f131bf74547e43075e469c59926d1e6144d3"
"5","1","2026-10-03 11:58:19.994+00","2026-10-03",,"other","985b55fd7309f7193bfb4f7fdce6f131bf74547e43075e469c59926d1e6144d3"
"6","1","2026-10-03 11:58:19.994+00","2026-10-03",,"other","985b55fd7309f7193bfb4f7fdce6f131bf74547e43075e469c59926d1e6144d3"
"7","1","2026-10-03 11:58:19.994+00","2026-10-03",,"other","985b55fd7309f7193bfb4f7fdce6f131bf74547e43075e469c59926d1e6144d3"
"8","1","2026-10-03 11:58:19.994+00","2026-10-03",,"other","985b55fd7309f7193bfb4f7fdce6f131bf74547e43075e469c59926d1e6144d3"
"9","1","2026-10-03 11:58:19.994+00","2026-10-03",,"other","985b55fd7309f7193bfb4f7fdce6f131bf74547e43075e469c59926d1e6144d3"
"10","1","2026-10-03 11:58:19.994+00","2026-10-03",,"other","985b55fd7309f7193bfb4f7fdce6f131bf74547e43075e469c59926d1e6144d3"
"11","1","2026-10-03 11:58:19.994+00","2026-10-03",,"other","985b55fd7309f7193bfb4f7fdce6f131bf74547e43075e469c59926d1e6144d3"
"12","1","2026-10-03 11:58:19.994+00","2026-10-03",,"other","985b55fd7309f7193bfb4f7fdce6f131bf74547e43075e469c59926d1e6144d3"
"13","1","2026-10-03 11:58:19.994+00","2026-10-03",,"other","985b55fd7309f7193bfb4f7fdce6f131bf74547e43075e469c59926d1e6144d3"
"14","1","2026-10-03 11:58:19.994+00","2026-10-03",,"other","985b55fd7309f7193bfb4f7fdce6f131bf74547e43075e469c59926d1e6144d3"
"15","1","2026-10-03 11:58:19.994+00","2026-10-03",,"other","985b55fd7309f7193bfb4f7fdce6f131bf74547e43075e469c59926d1e6144d3"
"16","1","2026-10-03 11:58:19.994+00","2026-10-03",,"other","985b55fd7309f7193bfb4f7fdce6f131bf74547e43075e469c59926d1e6144d3"
"17","1","2026-10-03 11:58:19.994+00","2026-10-03",,"other","985b55fd7309f7193bfb4f7fdce6f131bf74547e43075e469c59926d1e6144d3"
"18","1","2026-10-03 11:58:19.994+00","2026-10-03",,"other","985b55fd7309f7193bfb4f7fdce6f131bf74547e43075e469c59926d1e6144d3"
"19","1","2026-10-03 11:58:19.994+00","2026-10-03",,"other","985b55fd7309f7193bfb4f7fdce6f131bf74547e43075e469c59926d1e6144d3"
"20","1","2026-10-03 11:58:19.994+00","2026-10-03",,"other","985b55fd7309f7193bfb4f7fdce6f131bf74547e43075e469c59926d1e6144d3"
"21","1","2026-10-03 11:58:19.994+00","2026-10-03",,"other","985b55fd7309f7193bfb4f7fdce6f131bf74547e43075e469c59926d1e6144d3"
"22","1","2026-10-03 11:58:19.994+00","2026-10-03",,"other","985b55fd7309f7193bfb4f7fdce6f131bf74547e43075e469c59926d1e6144d3"
"23","1","2026-10-03 11:58:19.994+00","2026-10-03",,"other","985b55fd7309f7193bfb4f7fdce6f131bf74547e43075e469c59926d1e6144d3"
"24","1","2026-10-03 11:58:19.994+00","2026-10-03",,"other","985b55fd7309f7193bfb4f7fdce6f131bf74547e43075e469c59926d1e6144d3"
"25","1","2026-10-03 11:58:19.994+00","2026-10-03",,"other","985b55fd7309f7193bfb4f7fdce6f131bf74547e43075e469c59926d1e6144d3"
"26","1","2026-10-03 11:58:19.994+00","2026-10-03",,"other","985b55fd7309f7193bfb4f7fdce6f131bf74547e43075e469c59926d1e6144d3"
"27","1","2026-10-03 11:58:19.994+00","2026-10-03",,"other","985b55fd7309f7193bfb4f7fdce6f131bf74547e43075e469c59926d1e6144d3"
"28","1","2026-10-03 11:58:19.994+00","2026-10-03",,"other","985b55fd7309f7193bfb4f7fdce6f131bf74547e43075e469c59926d1e6144d3"
"29","1","2026-10-03 11:58:19.994+00","2026-10-03",,"other","985b55fd7309f7193bfb4f7fdce6f131bf74547e43075e469c59926d1e6144d3"
"30","1","2026-10-03 11:58:19.994+00","2026-10-03",,"other","985b55fd7309f7193bfb4f7fdce6f131bf74547e43075e469c59926d1e6144d3"
"31","1","2026-10-03 11:58:19.994+00","2026-10-03",,"other","985b55fd7309f7193bfb4f7fdce6f131bf74547e43075e469c59926d1e6144d3"
"32","1","2026-10-03 11:58:19.994+00","2026-10-03",,"other","985b55fd7309f7193bfb4f7fdce6f131bf74547e43075e469c59926d1e6144d3"
"33","1","2026-10-03 11:58:19.994+00","2026-10-03",,"other","985b55fd7309f7193bfb4f7fdce6f131bf74547e43075e469c59926d1e6144d3"
"34","1","2026-10-03 11:58:19.994+00","2026-10-03",,"other","985b55fd7309f7193bfb4f7fdce6f131bf74547e43075e469c59926d1e6144d3"
"35","1","2026-10-03 11:58:19.994+00","2026-10-03",,"other","985b55fd7309f7193bfb4f7fdce6f131bf74547e43075e469c59926d1e6144d3"
"36","1","2026-10-03 11:58:19.994+00","2026-10-03",,"other","985b55fd7309f7193bfb4f7fdce6f131bf74547e43075e469c59926d1e6144d3"
"37","1","2026-10-03 11:58:19.994+00","2026-10-03",,"other","985b55fd7309f7193bfb4f7fdce6f131bf74547e43075e469c59926d1e6144d3"
"38","1","2026-10-03 11:58:19.994+00","2026-10-03",,"other","985b55fd7309f7193bfb4f7fdce6f131bf74547e43075e469c59926d1e6144d3"
"39","1","2026-10-03 11:58:19.994+00","2026-10-03",,"other","985b55fd7309f7193bfb4f7fdce6f131bf74547e43075e469c59926d1e6144d3"
"40","1","2026-10-03 11:58:19.994+00","2026-10-03",,"other","985b55fd7309f7193bfb4f7fdce6f131bf74547e43075e469c59926d1e6144d3"
"41","1","2026-10-03 11:58:19.994+00","2026-10-03",,"other","985b55fd7309f7193bfb4f7fdce6f131bf74547e43075e469c59926d1e6144d3"
"42","1","2026-10-03 11:58:19.994+00","2026-10-03",,"other","985b55fd7309f7193bfb4f7fdce6f131bf74547e43075e469c59926d1e6144d3"
"43","1","2026-10-03 11:58:19.994+00","2026-10-03",,"other","985b55fd7309f7193bfb4f7fdce6f131bf74547e43075e469c59926d1e6144d3"
"44","1","2026-10-03 11:58:19.994+00","2026-10-03",,"other","985b55fd7309f7193bfb4f7fdce6f131bf74547e43075e469c59926d1e6144d3"
"45","1","2026-10-03 11:58:19.994+00","2026-10-03",,"other","985b55fd7309f7193bfb4f7fdce6f131bf74547e43075e469c59926d1e6144d3"
"46","1","2026-10-03 11:58:19.994+00","2026-10-03",,"other","985b55fd7309f7193bfb4f7fdce6f131bf74547e43075e469c59926d1e6144d3"
"47","1","2026-10-03 11:58:19.994+00","2026-10-03",,"other","985b55fd7309f7193bfb4f7fdce6f131bf74547e43075e469c59926d1e6144d3"
"48","1","2026-10-03 11:58:19.994+00","2026-10-03",,"other","985b55fd7309f7193bfb4f7fdce6f131bf74547e43075e469c59926d1e6144d3"
"49","1","2026-10-03 11:58:19.994+00","2026-10-03",,"other","985b55fd7309f7193bfb4f7fdce6f131bf74547e43075e469c59926d1e6144d3"
"50","1","2026-10-03 11:58:19.994+00","2026-10-03",,"other","985b55fd7309f7193bfb4f7fdce6f131bf74547e43075e469c59926d1e6144d3"
"51","1","2026-10-03 11:58:19.994+00","2026-10-03",,"other","985b55fd7309f7193bfb4f7fdce6f131bf74547e43075e469c59926d1e6144d3"
"52","1","2026-10-03 11:58:19.994+00","2026-10-03",,"other","985b55fd7309f7193bfb4f7fdce6f131bf74547e43075e469c59926d1e6144d3"
"53","1","2026-10-03 11:58:19.994+00","2026-10-03",,"other","985b55fd7309f7193bfb4f7fdce6f131bf74547e43075e469c59926d1e6144d3"
"54","1","2026-10-03 11:58:19.994+00","2026-10-03",,"other","985b55fd7309f7193bfb4f7fdce6f131bf74547e43075e469c59926d1e6144d3"
"55","1","2026-10-03 11:58:19.994+00","2026-10-03",,"other","985b55fd7309f7193bfb4f7fdce6f131bf74547e43075e469c59926d1e6144d3"
"56","1","2026-10-03 11:58:19.994+00","2026-10-03",,"other","985b55fd7309f7193bfb4f7fdce6f131bf74547e43075e469c59926d1e6144d3"
"57","1","2026-10-03 11:58:19.994+00","2026-10-03",,"other","985b55fd7309f7193bfb4f7fdce6f131bf74547e43075e469c59926d1e6144d3"
"58","1","2026-10-03 11:58:19.994+00","2026-10-03",,"other","985b55fd7309f7193bfb4f7fdce6f131bf74547e43075e469c59926d1e6144d3"
"59","1","2026-10-03 11:58:19.994+00","2026-10-03",,"other","985b55fd7309f7193bfb4f7fdce6f131bf74547e43075e469c59926d1e6144d3"
"60","1","2026-10-03 11:58:19.994+00","2026-10-03",,"other","985b55fd7309f7193bfb4f7fdce6f131bf74547e43075e469c59926d1e6144d3"
"61","1","2026-10-03 11:58:19.994+00","2026-10-03",,"other","985b55fd7309f7193bfb4f7fdce6f131bf74547e43075e469c59926d1e6144d3"
"62","1","2026-10-03 11:58:19.994+00","2026-10-03",,"other","985b55fd7309f7193bfb4f7fdce6f131bf74547e43075e469c59926d1e6144d3"
"63","1","2026-10-03 11:58:19.994+00","2026-10-03",,"other","985b55fd7309f7193bfb4f7fdce6f131bf74547e43075e469c59926d1e6144d3"
"64","1","2026-10-03 11:58:19.994+00","2026-10-03",,"other","985b55fd7309f7193bfb4f7fdce6f131bf74547e43075e469c59926d1e6144d3"
"65","1","2026-10-03 11:58:19.994+00","2026-10-03",,"other","985b55fd7309f7193bfb4f7fdce6f131bf74547e43075e469c59926d1e6144d3"
"66","1","2026-10-03 11:58:19.994+00","2026-10-03",,"other","985b55fd7309f7193bfb4f7fdce6f131bf74547e43075e469c59926d1e6144d3"
"67","1","2026-10-03 11:58:19.994+00","2026-10-03",,"other","985b55fd7309f7193bfb4f7fdce6f131bf74547e43075e469c59926d1e6144d3"
"68","1","2026-10-03 11:58:19.994+00","2026-10-03",,"other","985b55fd7309f7193bfb4f7fdce6f131bf74547e43075e469c59926d1e6144d3"
"69","1","2026-10-03 11:58:19.994+00","2026-10-03",,"other","985b55fd7309f7193bfb4f7fdce6f131bf74547e43075e469c59926d1e6144d3"
"70","1","2026-10-03 11:58:19.994+00","2026-10-03",,"other","985b55fd7309f7193bfb4f7fdce6f131bf74547e43075e469c59926d1e6144d3"
"71","1","2026-10-03 11:58:19.994+00","2026-10-03",,"other","985b55fd7309f7193bfb4f7fdce6f131bf74547e43075e469c59926d1e6144d3"
"72","1","2026-10-03 11:58:19.994+00","2026-10-03",,"other","985b55fd7309f7193bfb4f7fdce6f131bf74547e43075e469c59926d1e6144d3"
"73","1","2026-10-03 11:58:19.994+00","2026-10-03",,"other","985b55fd7309f7193bfb4f7fdce6f131bf74547e43075e469c59926d1e6144d3"
"74","1","2026-10-03 11:58:19.994+00","2026-10-03",,"other","985b55fd7309f7193bfb4f7fdce6f131bf74547e43075e469c59926d1e6144d3"
"75","1","2026-10-03 11:58:19.994+00","2026-10-03",,"other","985b55fd7309f7193bfb4f7fdce6f131bf74547e43075e469c59926d1e6144d3"
"76","1","2026-10-03 11:58:19.994+00","2026-10-03",,"other","985b55fd7309f7193bfb4f7fdce6f131bf74547e43075e469c59926d1e6144d3"
"77","1","2026-10-03 11:58:19.994+00","2026-10-03",,"other","985b55fd7309f7193bfb4f7fdce6f131bf74547e43075e469c59926d1e6144d3"
"78","1","2026-10-03 11:58:19.994+00","2026-10-03",,"other","985b55fd7309f7193bfb4f7fdce6f131bf74547e43075e469c59926d1e6144d3"
"79","1","2026-10-03 11:58:19.994+00","2026-10-03",,"other","985b55fd7309f7193bfb4f7fdce6f131bf74547e43075e469c59926d1e6144d3"
"80","1","2026-10-03 11:58:19.994+00","2026-10-03",,"other","985b55fd7309f7193bfb4f7fdce6f131bf74547e43075e469c59926d1e6144d3"
"81","1","2026-10-03 11:58:19.994+00","2026-10-03",,"other","985b55fd7309f7193bfb4f7fdce6f131bf74547e43075e469c59926d1e6144d3"
"82","1","2026-10-03 11:58:19.994+00","2026-10-03",,"other","985b55fd7309f7193bfb4f7fdce6f131bf74547e43075e469c59926d1e6144d3"
"83","1","2026-10-03 11:58:19.994+00","2026-10-03",,"other","985b55fd7309f7193bfb4f7fdce6f131bf74547e43075e469c59926d1e6144d3"
"84","1","2026-10-03 11:58:19.994+00","2026-10-03",,"other","985b55fd7309f7193bfb4f7fdce6f131bf74547e43075e469c59926d1e6144d3"
"85","1","2026-10-03 11:58:19.994+00","2026-10-03",,"other","985b55fd7309f7193bfb4f7fdce6f131bf74547e43075e469c59926d1e6144d3"
"86","1","2026-10-03 11:58:19.994+00","2026-10-03",,"other","985b55fd7309f7193bfb4f7fdce6f131bf74547e43075e469c59926d1e6144d3"
"87","1","2026-10-03 11:58:19.994+00","2026-10-03",,"other","985b55fd7309f7193bfb4f7fdce6f131bf74547e43075e469c59926d1e6144d3"
"88","1","2026-10-03 11:58:19.994+00","2026-10-03",,"other","985b55fd7309f7193bfb4f7fdce6f131bf74547e43075e469c59926d1e6144d3"
"89","1","2026-10-03 11:58:19.994+00","2026-10-03",,"other","985b55fd7309f7193bfb4f7fdce6f131bf74547e43075e469c59926d1e6144d3"
"90","1","2026-10-03 11:58:19.994+00","2026-10-03",,"other","985b55fd7309f7193bfb4f7fdce6f131bf74547e43075e469c59926d1e6144d3"
"91","1","2026-10-03 11:58:19.994+00","2026-10-03",,"other","985b55fd7309f7193bfb4f7fdce6f131bf74547e43075e469c59926d1e6144d3"
"92","1","2026-10-03 11:58:19.994+00","2026-10-03",,"other","985b55fd7309f7193bfb4f7fdce6f131bf74547e43075e469c59926d1e6144d3"
"93","1","2026-10-03 11:58:19.994+00","2026-10-03",,"other","985b55fd7309f7193bfb4f7fdce6f131bf74547e43075e469c59926d1e6144d3"
"94","1","2026-10-03 11:58:19.994+00","2026-10-03",,"other","985b55fd7309f7193bfb4f7fdce6f131bf74547e43075e469c59926d1e6144d3"
"95","1","2026-10-03 11:58:19.994+00","2026-10-03",,"other","985b55fd7309f7193bfb4f7fdce6f131bf74547e43075e469c59926d1e6144d3"
"96","1","2026-10-03 11:58:19.994+00","2026-10-03",,"other","985b55fd7309f7193bfb4f7fdce6f131bf74547e43075e469c59926d1e6144d3"
"97","1","2026-10-03 11:58:19.994+00","2026-10-03",,"other","985b55fd7309f7193bfb4f7fdce6f131bf74547e43075e469c59926d1e6144d3"
"98","1","2026-10-03 11:58:19.994+00","2026-10-03",,"other","985b55fd7309f7193bfb4f7fdce6f131bf74547e43075e469c59926d1e6144d3"
"99","1","2026-10-03 11:58:19.994+00","2026-10-03",,"other","985b55fd7309f7193bfb4f7fdce6f131bf74547e43075e469c59926d1e6144d3"
"100","1","2026-10-03 11:58:19.994+00","2026-10-03",,"other","985b55fd7309f7193bfb4f7fdce6f131bf74547e43075e469c59926d1e6144d3"
"101","1","2026-10-03 11:58:19.994+00","2026-10-03",,"other","985b55fd7309f7193bfb4f7fdce6f131bf74547e43075e469c59926d1e6144d3"
"102","1","2026-10-03 11:58:19.994+00","2026-10-03",,"other","985b55fd7309f7193bfb4f7fdce6f131bf74547e43075e469c59926d1e6144d3"
"103","1","2026-10-03 11:58:19.994+00","2026-10-03",,"other","985b55fd7309f7193bfb4f7fdce6f131bf74547e43075e469c59926d1e6144d3"
"104","1","2026-10-03 11:58:19.994+00","2026-10-03",,"other","985b55fd7309f7193bfb4f7fdce6f131bf74547e43075e469c59926d1e6144d3"
"105","1","2026-10-03 11:58:19.994+00","2026-10-03",,"other","985b55fd7309f7193bfb4f7fdce6f131bf74547e43075e469c59926d1e6144d3"
"106","1","2026-10-03 11:58:19.994+00","2026-10-03",,"other","985b55fd7309f7193bfb4f7fdce6f131bf74547e43075e469c59926d1e6144d3"
"107","1","2026-10-03 11:58:19.994+00","2026-10-03",,"other","985b55fd7309f7193bfb4f7fdce6f131bf74547e43075e469c59926d1e6144d3"
"108","1","2026-10-03 11:58:19.994+00","2026-10-03",,"other","985b55fd7309f7193bfb4f7fdce6f131bf74547e43075e469c59926d1e6144d3"
"109","1","2026-10-03 11:58:19.994+00","2026-10-03",,"other","985b55fd7309f7193bfb4f7fdce6f131bf74547e43075e469c59926d1e6144d3"
"110","1","2026-10-03 11:58:19.994+00","2026-10-03",,"other","985b55fd7309f7193bfb4f7fdce6f131bf74547e43075e469c59926d1e6144d3"
"111","1","2026-10-03 11:58:19.994+00","2026-10-03",,"other","985b55fd7309f7193bfb4f7fdce6f131bf74547e43075e469c59926d1e6144d3"
"112","1","2026-10-03 11:58:19.994+00","2026-10-03",,"other","985b55fd7309f7193bfb4f7fdce6f131bf74547e43075e469c59926d1e6144d3"
"113","1","2026-10-03 11:58:19.994+00","2026-10-03",,"other","985b55fd7309f7193bfb4f7fdce6f131bf74547e43075e469c59926d1e6144d3"
"114","1","2026-10-03 11:58:19.994+00","2026-10-03",,"other","985b55fd7309f7193bfb4f7fdce6f131bf74547e43075e469c59926d1e6144d3"
"115","1","2026-10-03 11:58:19.994+00","2026-10-03",,"other","985b55fd7309f7193bfb4f7fdce6f131bf74547e43075e469c59926d1e6144d3"
"116","1","2026-10-03 11:58:19.994+00","2026-10-03",,"other","985b55fd7309f7193bfb4f7fdce6f131bf74547e43075e469c59926d1e6144d3"
"117","1","2026-10-03 11:58:19.994+00","2026-10-03",,"other","985b55fd7309f7193bfb4f7fdce6f131bf74547e43075e469c59926d1e6144d3"
"118","1","2026-10-03 11:58:19.994+00","2026-10-03",,"other","985b55fd7309f7193bfb4f7fdce6f131bf74547e43075e469c59926d1e6144d3"
"119","1","2026-10-03 11:58:19.994+00","2026-10-03",,"other","985b55fd7309f7193bfb4f7fdce6f131bf74547e43075e469c59926d1e6144d3"
"120","1","2026-10-03 11:58:19.994+00","2026-10-03",,"other","985b55fd7309f7193bfb4f7fdce6f131bf74547e43075e469c59926d1e6144d3"
"121","1","2026-10-03 11:58:19.994+00","2026-10-03",,"other","985b55fd7309f7193bfb4f7fdce6f131bf74547e43075e469c59926d1e6144d3"
"122","1","2026-10-03 11:58:19.994+00","2026-10-03",,"other","985b55fd7309f7193bfb4f7fdce6f131bf74547e43075e469c59926d1e6144d3"
"123","1","2026-10-03 11:58:19.994+00","2026-10-03",,"other","985b55fd7309f7193bfb4f7fdce6f131bf74547e43075e469c59926d1e6144d3"
"124","1","2026-10-03 11:58:19.994+00","2026-10-03",,"other","985b55fd7309f7193bfb4f7fdce6f131bf74547e43075e469c59926d1e6144d3"
"125","1","2026-10-03 11:58:19.994+00","2026-10-03",,"other","985b55fd7309f7193bfb4f7fdce6f131bf74547e43075e469c59926d1e6144d3"
"126","1","2026-10-03 11:58:19.994+00","2026-10-03",,"other","985b55fd7309f7193bfb4f7fdce6f131bf74547e43075e469c59926d1e6144d3"
"127","1","2026-10-03 11:58:19.994+00","2026-10-03",,"other","985b55fd7309f7193bfb4f7fdce6f131bf74547e43075e469c59926d1e6144d3"
"128","1","2026-10-03 11:58:19.994+00","2026-10-03",,"other","985b55fd7309f7193bfb4f7fdce6f131bf74547e43075e469c59926d1e6144d3"
"129","1","2026-10-03 11:58:19.994+00","2026-10-03",,"other","985b55fd7309f7193bfb4f7fdce6f131bf74547e43075e469c59926d1e6144d3"
"130","1","2026-10-03 11:58:19.994+00","2026-10-03",,"other","985b55fd7309f7193bfb4f7fdce6f131bf74547e43075e469c59926d1e6144d3"
"131","1","2026-10-03 11:58:19.994+00","2026-10-03",,"other","985b55fd7309f7193bfb4f7fdce6f131bf74547e43075e469c59926d1e6144d3"
"132","1","2026-10-03 11:58:19.994+00","2026-10-03",,"other","985b55fd7309f7193bfb4f7fdce6f131bf74547e43075e469c59926d1e6144d3"
"133","1","2026-10-03 11:58:19.994+00","2026-10-03",,"other","985b55fd7309f7193bfb4f7fdce6f131bf74547e43075e469c59926d1e6144d3"
"134","1","2026-10-03 11:58:19.994+00","2026-10-03",,"other","985b55fd7309f7193bfb4f7fdce6f131bf74547e43075e469c59926d1e6144d3"
"135","1","2026-10-03 11:58:19.994+00","2026-10-03",,"other","985b55fd7309f7193bfb4f7fdce6f131bf74547e43075e469c59926d1e6144d3"
"136","1","2026-10-03 11:58:19.994+00","2026-10-03",,"other","985b55fd7309f7193bfb4f7fdce6f131bf74547e43075e469c59926d1e6144d3"
"137","1","2026-10-03 11:58:19.994+00","2026-10-03",,"other","985b55fd7309f7193bfb4f7fdce6f131bf74547e43075e469c59926d1e6144d3"
"138","1","2026-10-03 11:58:19.994+00","2026-10-03",,"other","985b55fd7309f7193bfb4f7fdce6f131bf74547e43075e469c59926d1e6144d3"
"139","1","2026-10-03 11:58:19.994+00","2026-10-03",,"other","985b55fd7309f7193bfb4f7fdce6f131bf74547e43075e469c59926d1e6144d3"
"140","1","2026-10-03 11:58:19.994+00","2026-10-03",,"other","985b55fd7309f7193bfb4f7fdce6f131bf74547e43075e469c59926d1e6144d3"
"141","1","2026-10-03 11:58:19.994+00","2026-10-03",,"other","985b55fd7309f7193bfb4f7fdce6f131bf74547e43075e469c59926d1e6144d3"
"142","1","2026-10-03 11:58:19.994+00","2026-10-03",,"other","985b55fd7309f7193bfb4f7fdce6f131bf74547e43075e469c59926d1e6144d3"
"143","1","2026-10-03 11:58:19.994+00","2026-10-03",,"other","985b55fd7309f7193bfb4f7fdce6f131bf74547e43075e469c59926d1e6144d3"
"144","1","2026-10-03 11:58:19.994+00","2026-10-03",,"other","985b55fd7309f7193bfb4f7fdce6f131bf74547e43075e469c59926d1e6144d3"
"145","1","2026-10-03 11:58:19.994+00","2026-10-03",,"other","985b55fd7309f7193bfb4f7fdce6f131bf74547e43075e469c59926d1e6144d3"
"146","1","2026-10-03 11:58:19.994+00","2026-10-03",,"other","985b55fd7309f7193bfb4f7fdce6f131bf74547e43075e469c59926d1e6144d3"
"147","1","2026-10-03 11:58:19.994+00","2026-10-03",,"other","985b55fd7309f7193bfb4f7fdce6f131bf74547e43075e469c59926d1e6144d3"
"148","1","2026-10-03 11:58:19.994+00","2026-10-03",,"other","985b55fd7309f7193bfb4f7fdce6f131bf74547e43075e469c59926d1e6144d3"
"149","1","2026-10-03 11:58:19.994+00","2026-10-03",,"other","985b55fd7309f7193bfb4f7fdce6f131bf74547e43075e469c59926d1e6144d3"
"150","1","2026-10-03 11:58:19.994+00","2026-10-03",,"other","985b55fd7309f7193bfb4f7fdce6f131bf74547e43075e469c59926d1e6144d3"
"151","1","2026-10-03 11:58:19.994+00","2026-10-03",,"other","985b55fd7309f7193bfb4f7fdce6f131bf74547e43075e469c59926d1e6144d3"
"152","1","2026-10-03 11:58:19.994+00","2026-10-03",,"other","985b55fd7309f7193bfb4f7fdce6f131bf74547e43075e469c59926d1e6144d3"
"153","1","2026-10-03 11:58:19.994+00","2026-10-03",,"other","985b55fd7309f7193bfb4f7fdce6f131bf74547e43075e469c59926d1e6144d3"
"154","1","2026-10-03 11:58:19.994+00","2026-10-03",,"other","985b55fd7309f7193bfb4f7fdce6f131bf74547e43075e469c59926d1e6144d3"
"155","1","2026-10-03 11:58:19.994+00","2026-10-03",,"other","985b55fd7309f7193bfb4f7fdce6f131bf74547e43075e469c59926d1e6144d3"
"156","1","2026-10-03 11:58:19.994+00","2026-10-03",,"other","985b55fd7309f7193bfb4f7fdce6f131bf74547e43075e469c59926d1e6144d3"
"157","1","2026-10-03 11:58:19.994+00","2026-10-03",,"other","985b55fd7309f7193bfb4f7fdce6f131bf74547e43075e469c59926d1e6144d3"
"158","1","2026-10-03 11:58:19.994+00","2026-10-03",,"other","985b55fd7309f7193bfb4f7fdce6f131bf74547e43075e469c59926d1e6144d3"
"159","1","2026-10-03 11:58:19.994+00","2026-10-03",,"other","985b55fd7309f7193bfb4f7fdce6f131bf74547e43075e469c59926d1e6144d3"
"160","1","2026-10-03 11:58:19.994+00","2026-10-03",,"other","985b55fd7309f7193bfb4f7fdce6f131bf74547e43075e469c59926d1e6144d3"
"161","1","2026-10-03 11:58:19.994+00","2026-10-03",,"other","985b55fd7309f7193bfb4f7fdce6f131bf74547e43075e469c59926d1e6144d3"
"162","1","2026-10-03 11:58:19.994+00","2026-10-03",,"other","985b55fd7309f7193bfb4f7fdce6f131bf74547e43075e469c59926d1e6144d3"
"163","1","2026-10-03 11:58:19.994+00","2026-10-03",,"other","985b55fd7309f7193bfb4f7fdce6f131bf74547e43075e469c59926d1e6144d3"
"164","1","2026-10-03 11:58:19.994+00","2026-10-03",,"other","985b55fd7309f7193bfb4f7fdce6f131bf74547e43075e469c59926d1e6144d3"
"165","1","2026-10-03 11:58:19.994+00","2026-10-03",,"other","985b55fd7309f7193bfb4f7fdce6f131bf74547e43075e469c59926d1e6144d3"
"166","1","2026-10-03 11:58:19.994+00","2026-10-03",,"other","985b55fd7309f7193bfb4f7fdce6f131bf74547e43075e469c59926d1e6144d3"
"167","1","2026-10-03 11:58:19.994+00","2026-10-03",,"other","985b55fd7309f7193bfb4f7fdce6f131bf74547e43075e469c59926d1e6144d3"
"168","1","2026-10-03 11:58:19.994+00","2026-10-03",,"other","985b55fd7309f7193bfb4f7fdce6f131bf74547e43075e469c59926d1e6144d3"
"169","1","2026-10-03 11:58:19.994+00","2026-10-03",,"other","985b55fd7309f7193bfb4f7fdce6f131bf74547e43075e469c59926d1e6144d3"
"170","1","2026-10-03 11:58:19.994+00","2026-10-03",,"other","985b55fd7309f7193bfb4f7fdce6f131bf74547e43075e469c59926d1e6144d3"
"171","1","2026-10-03 11:58:19.994+00","2026-10-03",,"other","985b55fd7309f7193bfb4f7fdce6f131bf74547e43075e469c59926d1e6144d3"
"172","1","2026-10-03 11:58:19.994+00","2026-10-03",,"other","985b55fd7309f7193bfb4f7fdce6f131bf74547e43075e469c59926d1e6144d3"
"173","1","2026-10-03 11:58:19.994+00","2026-10-03",,"other","985b55fd7309f7193bfb4f7fdce6f131bf74547e43075e469c59926d1e6144d3"
"174","1","2026-10-03 11:58:19.994+00","2026-10-03",,"other","985b55fd7309f7193bfb4f7fdce6f131bf74547e43075e469c59926d1e6144d3"
"175","1","2026-10-03 11:58:19.994+00","2026-10-03",,"other","985b55fd7309f7193bfb4f7fdce6f131bf74547e43075e469c59926d1e6144d3"
"176","1","2026-10-03 11:58:19.994+00","2026-10-03",,"other","985b55fd7309f7193bfb4f7fdce6f131bf74547e43075e469c59926d1e6144d3"
"177","1","2026-10-03 11:58:19.994+00","2026-10-03",,"other","985b55fd7309f7193bfb4f7fdce6f131bf74547e43075e469c59926d1e6144d3"
"178","1","2026-10-03 11:58:19.994+00","2026-10-03",,"other","985b55fd7309f7193bfb4f7fdce6f131bf74547e43075e469c59926d1e6144d3"
"179","1","2026-10-03 11:58:19.994+00","2026-10-03",,"other","985b55fd7309f7193bfb4f7fdce6f131bf74547e43075e469c59926d1e6144d3"
"180","1","2026-10-03 11:58:19.994+00","2026-10-03",,"other","985b55fd7309f7193bfb4f7fdce6f131bf74547e43075e469c59926d1e6144d3"
"181","1","2026-10-03 11:58:19.994+00","2026-10-03",,"other","985b55fd7309f7193bfb4f7fdce6f131bf74547e43075e469c59926d1e6144d3"
"182","1","2026-10-03 11:58:19.994+00","2026-10-03",,"other","985b55fd7309f7193bfb4f7fdce6f131bf74547e43075e469c59926d1e6144d3"
"183","1","2026-10-03 11:58:19.994+00","2026-10-03",,"other","985b55fd7309f7193bfb4f7fdce6f131bf74547e43075e469c59926d1e6144d3"
"184","1","2026-10-03 11:58:19.994+00","2026-10-03",,"other","985b55fd7309f7193bfb4f7fdce6f131bf74547e43075e469c59926d1e6144d3"
"185","1","2026-10-03 11:58:19.994+00","2026-10-03",,"other","985b55fd7309f7193bfb4f7fdce6f131bf74547e43075e469c59926d1e6144d3"
"186","1","2026-10-03 11:58:19.994+00","2026-10-03",,"other","985b55fd7309f7193bfb4f7fdce6f131bf74547e43075e469c59926d1e6144d3"
"187","1","2026-10-03 11:58:19.994+00","2026-10-03",,"other","985b55fd7309f7193bfb4f7fdce6f131bf74547e43075e469c59926d1e6144d3"
"188","1","2026-10-03 11:58:19.994+00","2026-10-03",,"other","985b55fd7309f7193bfb4f7fdce6f131bf74547e43075e469c59926d1e6144d3"
"189","1","2026-10-03 11:58:19.994+00","2026-10-03",,"other","985b55fd7309f7193bfb4f7fdce6f131bf74547e43075e469c59926d1e6144d3"
"190","1","2026-10-03 11:58:19.994+00","2026-10-03",,"other","985b55fd7309f7193bfb4f7fdce6f131bf74547e43075e469c59926d1e6144d3"
"191","1","2026-10-03 11:58:19.994+00","2026-10-03",,"other","985b55fd7309f7193bfb4f7fdce6f131bf74547e43075e469c59926d1e6144d3"
"192","1","2026-10-03 11:58:19.994+00","2026-10-03",,"other","985b55fd7309f7193bfb4f7fdce6f131bf74547e43075e469c59926d1e6144d3"
"193","1","2026-10-03 11:58:19.994+00","2026-10-03",,"other","985b55fd7309f7193bfb4f7fdce6f131bf74547e43075e469c59926d1e6144d3"
"194","1","2026-10-03 11:58:19.994+00","2026-10-03",,"other","985b55fd7309f7193bfb4f7fdce6f131bf74547e43075e469c59926d1e6144d3"
"195","1","2026-10-03 11:58:19.994+00","2026-10-03",,"other","985b55fd7309f7193bfb4f7fdce6f131bf74547e43075e469c59926d1e6144d3"
"196","1","2026-10-03 11:58:19.994+00","2026-10-03",,"other","985b55fd7309f7193bfb4f7fdce6f131bf74547e43075e469c59926d1e6144d3"
"197","1","2026-10-03 11:58:19.994+00","2026-10-03",,"other","985b55fd7309f7193bfb4f7fdce6f131bf74547e43075e469c59926d1e6144d3"
"198","1","2026-10-03 11:58:19.994+00","2026-10-03",,"other","985b55fd7309f7193bfb4f7fdce6f131bf74547e43075e469c59926d1e6144d3"
"199","1","2026-10-03 11:58:19.994+00","2026-10-03",,"other","985b55fd7309f7193bfb4f7fdce6f131bf74547e43075e469c59926d1e6144d3"
"200","1","2026-10-03 11:58:19.994+00","2026-10-03",,"other","985b55fd7309f7193bfb4f7fdce6f131bf74547e43075e469c59926d1e6144d3"
"201","1","2026-10-03 11:58:19.994+00","2026-10-03",,"other","985b55fd7309f7193bfb4f7fdce6f131bf74547e43075e469c59926d1e6144d3"
"202","1","2026-10-03 11:58:19.994+00","2026-10-03",,"other","985b55fd7309f7193bfb4f7fdce6f131bf74547e43075e469c59926d1e6144d3"
"203","1","2026-10-03 11:58:19.994+00","2026-10-03",,"other","985b55fd7309f7193bfb4f7fdce6f131bf74547e43075e469c59926d1e6144d3"
"204","1","2026-10-03 11:58:19.994+00","2026-10-03",,"other","985b55fd7309f7193bfb4f7fdce6f131bf74547e43075e469c59926d1e6144d3"
"205","1","2026-10-03 11:58:19.994+00","2026-10-03",,"other","985b55fd7309f7193bfb4f7fdce6f131bf74547e43075e469c59926d1e6144d3"
"206","1","2026-10-03 11:58:19.994+00","2026-10-03",,"other","985b55fd7309f7193bfb4f7fdce6f131bf74547e43075e469c59926d1e6144d3"
"207","1","2026-10-03 11:58:19.994+00","2026-10-03",,"other","985b55fd7309f7193bfb4f7fdce6f131bf74547e43075e469c59926d1e6144d3"
"208","1","2026-10-03 11:58:19.994+00","2026-10-03",,"other","985b55fd7309f7193bfb4f7fdce6f131bf74547e43075e469c59926d1e6144d3"
"209","1","2026-10-03 11:58:19.994+00","2026-10-03",,"other","985b55fd7309f7193bfb4f7fdce6f131bf74547e43075e469c59926d1e6144d3"
"210","1","2026-10-03 11:58:19.994+00","2026-10-03",,"other","985b55fd7309f7193bfb4f7fdce6f131bf74547e43075e469c59926d1e6144d3"
"211","1","2026-10-03 11:58:19.994+00","2026-10-03",,"other","985b55fd7309f7193bfb4f7fdce6f131bf74547e43075e469c59926d1e6144d3"
"212","1","2026-10-03 11:58:19.994+00","2026-10-03",,"other","985b55fd7309f7193bfb4f7fdce6f131bf74547e43075e469c59926d1e6144d3"
"213","1","2026-10-03 11:58:19.994+00","2026-10-03",,"other","985b55fd7309f7193bfb4f7fdce6f131bf74547e43075e469c59926d1e6144d3"
"214","1","2026-10-03 11:58:19.994+00","2026-10-03",,"other","985b55fd7309f7193bfb4f7fdce6f131bf74547e43075e469c59926d1e6144d3"
"215","1","2026-10-03 11:58:19.994+00","2026-10-03",,"other","985b55fd7309f7193bfb4f7fdce6f131bf74547e43075e469c59926d1e6144d3"
"216","1","2026-10-03 11:58:19.994+00","2026-10-03",,"other","985b55fd7309f7193bfb4f7fdce6f131bf74547e43075e469c59926d1e6144d3"
"217","1","2026-10-03 11:58:19.994+00","2026-10-03",,"other","985b55fd7309f7193bfb4f7fdce6f131bf74547e43075e469c59926d1e6144d3"
"218","1","2026-10-03 11:58:19.994+00","2026-10-03",,"other","985b55fd7309f7193bfb4f7fdce6f131bf74547e43075e469c59926d1e6144d3"
"219","1","2026-10-03 11:58:19.994+00","2026-10-03",,"other","985b55fd7309f7193bfb4f7fdce6f131bf74547e43075e469c59926d1e6144d3"
"220","1","2026-10-03 11:58:19.994+00","2026-10-03",,"other","985b55fd7309f7193bfb4f7fdce6f131bf74547e43075e469c59926d1e6144d3"
"221","1","2026-10-03 11:58:19.994+00","2026-10-03",,"other","985b55fd7309f7193bfb4f7fdce6f131bf74547e43075e469c59926d1e6144d3"
"222","1","2026-10-03 11:58:19.994+00","2026-10-03",,"other","985b55fd7309f7193bfb4f7fdce6f131bf74547e43075e469c59926d1e6144d3"
"223","1","2026-10-03 11:58:19.994+00","2026-10-03",,"other","985b55fd7309f7193bfb4f7fdce6f131bf74547e43075e469c59926d1e6144d3"
"224","1","2026-10-03 11:58:19.994+00","2026-10-03",,"other","985b55fd7309f7193bfb4f7fdce6f131bf74547e43075e469c59926d1e6144d3"
"225","1","2026-10-03 11:58:19.994+00","2026-10-03",,"other","985b55fd7309f7193bfb4f7fdce6f131bf74547e43075e469c59926d1e6144d3"
"226","1","2026-10-03 11:58:19.994+00","2026-10-03",,"other","985b55fd7309f7193bfb4f7fdce6f131bf74547e43075e469c59926d1e6144d3"
"227","1","2026-10-03 11:58:19.994+00","2026-10-03",,"other","985b55fd7309f7193bfb4f7fdce6f131bf74547e43075e469c59926d1e6144d3"
"228","1","2026-10-03 11:58:19.994+00","2026-10-03",,"other","985b55fd7309f7193bfb4f7fdce6f131bf74547e43075e469c59926d1e6144d3"
"229","1","2026-10-03 11:58:19.994+00","2026-10-03",,"other","985b55fd7309f7193bfb4f7fdce6f131bf74547e43075e469c59926d1e6144d3"
"230","1","2026-10-03 11:58:19.994+00","2026-10-03",,"other","985b55fd7309f7193bfb4f7fdce6f131bf74547e43075e469c59926d1e6144d3"
"231","1","2026-10-03 11:58:19.994+00","2026-10-03",,"other","985b55fd7309f7193bfb4f7fdce6f131bf74547e43075e469c59926d1e6144d3"
"232","1","2026-10-03 11:58:19.994+00","2026-10-03",,"other","985b55fd7309f7193bfb4f7fdce6f131bf74547e43075e469c59926d1e6144d3"
"233","1","2026-10-03 11:58:19.994+00","2026-10-03",,"other","985b55fd7309f7193bfb4f7fdce6f131bf74547e43075e469c59926d1e6144d3"
"234","1","2026-10-03 11:58:19.994+00","2026-10-03",,"other","985b55fd7309f7193bfb4f7fdce6f131bf74547e43075e469c59926d1e6144d3"
"235","1","2026-10-03 11:58:19.994+00","2026-10-03",,"other","985b55fd7309f7193bfb4f7fdce6f131bf74547e43075e469c59926d1e6144d3"
"236","1","2026-10-03 11:58:19.994+00","2026-10-03",,"other","985b55fd7309f7193bfb4f7fdce6f131bf74547e43075e469c59926d1e6144d3"
"237","1","2026-10-03 11:58:19.994+00","2026-10-03",,"other","985b55fd7309f7193bfb4f7fdce6f131bf74547e43075e469c59926d1e6144d3"
"238","1","2026-10-03 11:58:19.994+00","2026-10-03",,"other","985b55fd7309f7193bfb4f7fdce6f131bf74547e43075e469c59926d1e6144d3"
"239","1","2026-10-03 11:58:19.994+00","2026-10-03",,"other","985b55fd7309f7193bfb4f7fdce6f131bf74547e43075e469c59926d1e6144d3"
"240","1","2026-10-03 11:58:19.994+00","2026-10-03",,"other","985b55fd7309f7193bfb4f7fdce6f131bf74547e43075e469c59926d1e6144d3"
"241","1","2026-10-03 11:58:19.994+00","2026-10-03",,"other","985b55fd7309f7193bfb4f7fdce6f131bf74547e43075e469c59926d1e6144d3"
"242","1","2026-10-03 11:58:19.994+00","2026-10-03",,"other","985b55fd7309f7193bfb4f7fdce6f131bf74547e43075e469c59926d1e6144d3"
"243","1","2026-10-03 11:58:19.994+00","2026-10-03",,"other","985b55fd7309f7193bfb4f7fdce6f131bf74547e43075e469c59926d1e6144d3"
"244","1","2026-10-03 11:58:19.994+00","2026-10-03",,"other","985b55fd7309f7193bfb4f7fdce6f131bf74547e43075e469c59926d1e6144d3"
"245","1","2026-10-03 11:58:19.994+00","2026-10-03",,"other","985b55fd7309f7193bfb4f7fdce6f131bf74547e43075e469c59926d1e6144d3"
"246","1","2026-10-03 11:58:19.994+00","2026-10-03",,"other","985b55fd7309f7193bfb4f7fdce6f131bf74547e43075e469c59926d1e6144d3"
"247","1","2026-10-03 11:58:19.994+00","2026-10-03",,"other","985b55fd7309f7193bfb4f7fdce6f131bf74547e43075e469c59926d1e6144d3"
"248","1","2026-10-03 11:58:19.994+00","2026-10-03",,"other","985b55fd7309f7193bfb4f7fdce6f131bf74547e43075e469c59926d1e6144d3"
"249","1","2026-10-03 11:58:19.994+00","2026-10-03",,"other","985b55fd7309f7193bfb4f7fdce6f131bf74547e43075e469c59926d1e6144d3"
"250","1","2026-10-03 11:58:19.994+00","2026-10-03",,"other","985b55fd7309f7193bfb4f7fdce6f131bf74547e43075e469c59926d1e6144d3"
"251","1","2026-10-03 11:58:19.994+00","2026-10-03",,"other","985b55fd7309f7193bfb4f7fdce6f131bf74547e43075e469c59926d1e6144d3"
"252","1","2026-10-03 11:58:19.994+00","2026-10-03",,"other","985b55fd7309f7193bfb4f7fdce6f131bf74547e43075e469c59926d1e6144d3"
"253","1","2026-10-03 11:58:19.994+00","2026-10-03",,"other","985b55fd7309f7193bfb4f7fdce6f131bf74547e43075e469c59926d1e6144d3"
"254","1","2026-10-03 11:58:19.994+00","2026-10-03",,"other","985b55fd7309f7193bfb4f7fdce6f131bf74547e43075e469c59926d1e6144d3"
"255","1","2026-10-03 11:58:19.994+00","2026-10-03",,"other","985b55fd7309f7193bfb4f7fdce6f131bf74547e43075e469c59926d1e6144d3"
"256","1","2026-10-03 11:58:19.994+00","2026-10-03",,"other","985b55fd7309f7193bfb4f7fdce6f131bf74547e43075e469c59926d1e6144d3"
"257","1","2026-10-03 11:58:19.994+00","2026-10-03",,"other","985b55fd7309f7193bfb4f7fdce6f131bf74547e43075e469c59926d1e6144d3"
"258","1","2026-10-03 11:58:19.994+00","2026-10-03",,"other","985b55fd7309f7193bfb4f7fdce6f131bf74547e43075e469c59926d1e6144d3"
"259","1","2026-10-03 11:58:19.994+00","2026-10-03",,"other","985b55fd7309f7193bfb4f7fdce6f131bf74547e43075e469c59926d1e6144d3"
"260","1","2026-10-03 11:58:19.994+00","2026-10-03",,"other","985b55fd7309f7193bfb4f7fdce6f131bf74547e43075e469c59926d1e6144d3"
"261","1","2026-10-03 11:58:19.994+00","2026-10-03",,"other","985b55fd7309f7193bfb4f7fdce6f131bf74547e43075e469c59926d1e6144d3"
"262","1","2026-10-03 11:58:19.994+00","2026-10-03",,"other","985b55fd7309f7193bfb4f7fdce6f131bf74547e43075e469c59926d1e6144d3"
"263","1","2026-10-03 11:58:19.994+00","2026-10-03",,"other","985b55fd7309f7193bfb4f7fdce6f131bf74547e43075e469c59926d1e6144d3"
"264","1","2026-10-03 11:58:19.994+00","2026-10-03",,"other","985b55fd7309f7193bfb4f7fdce6f131bf74547e43075e469c59926d1e6144d3"
"265","1","2026-10-03 11:58:19.994+00","2026-10-03",,"other","985b55fd7309f7193bfb4f7fdce6f131bf74547e43075e469c59926d1e6144d3"
"266","1","2026-10-03 11:58:19.994+00","2026-10-03",,"other","985b55fd7309f7193bfb4f7fdce6f131bf74547e43075e469c59926d1e6144d3"
"267","1","2026-10-03 11:58:19.994+00","2026-10-03",,"other","985b55fd7309f7193bfb4f7fdce6f131bf74547e43075e469c59926d1e6144d3"
"268","1","2026-10-03 11:58:19.994+00","2026-10-03",,"other","985b55fd7309f7193bfb4f7fdce6f131bf74547e43075e469c59926d1e6144d3"
"269","1","2026-10-03 11:58:19.994+00","2026-10-03",,"other","985b55fd7309f7193bfb4f7fdce6f131bf74547e43075e469c59926d1e6144d3"
"270","1","2026-10-03 11:58:19.994+00","2026-10-03",,"other","985b55fd7309f7193bfb4f7fdce6f131bf74547e43075e469c59926d1e6144d3"
"271","1","2026-10-03 11:58:19.994+00","2026-10-03",,"other","985b55fd7309f7193bfb4f7fdce6f131bf74547e43075e469c59926d1e6144d3"
"272","1","2026-10-03 11:58:19.994+00","2026-10-03",,"other","985b55fd7309f7193bfb4f7fdce6f131bf74547e43075e469c59926d1e6144d3"
"273","1","2026-10-03 11:58:19.994+00","2026-10-03",,"other","985b55fd7309f7193bfb4f7fdce6f131bf74547e43075e469c59926d1e6144d3"
"274","1","2026-10-03 11:58:19.994+00","2026-10-03",,"other","985b55fd7309f7193bfb4f7fdce6f131bf74547e43075e469c59926d1e6144d3"
"275","1","2026-10-03 11:58:19.994+00","2026-10-03",,"other","985b55fd7309f7193bfb4f7fdce6f131bf74547e43075e469c59926d1e6144d3"
"276","1","2026-10-03 11:58:19.994+00","2026-10-03",,"other","985b55fd7309f7193bfb4f7fdce6f131bf74547e43075e469c59926d1e6144d3"
"277","1","2026-10-03 11:58:19.994+00","2026-10-03",,"other","985b55fd7309f7193bfb4f7fdce6f131bf74547e43075e469c59926d1e6144d3"
"278","1","2026-10-03 11:58:19.994+00","2026-10-03",,"other","985b55fd7309f7193bfb4f7fdce6f131bf74547e43075e469c59926d1e6144d3"
"279","1","2026-10-03 11:58:19.994+00","2026-10-03",,"other","985b55fd7309f7193bfb4f7fdce6f131bf74547e43075e469c59926d1e6144d3"
"280","1","2026-10-03 11:58:19.994+00","2026-10-03",,"other","985b55fd7309f7193bfb4f7fdce6f131bf74547e43075e469c59926d1e6144d3"
"281","1","2026-10-03 11:58:19.994+00","2026-10-03",,"other","985b55fd7309f7193bfb4f7fdce6f131bf74547e43075e469c59926d1e6144d3"
"282","1","2026-10-03 11:58:19.994+00","2026-10-03",,"other","985b55fd7309f7193bfb4f7fdce6f131bf74547e43075e469c59926d1e6144d3"
"283","1","2026-10-03 11:58:19.994+00","2026-10-03",,"other","985b55fd7309f7193bfb4f7fdce6f131bf74547e43075e469c59926d1e6144d3"
"284","1","2026-10-03 11:58:19.994+00","2026-10-03",,"other","985b55fd7309f7193bfb4f7fdce6f131bf74547e43075e469c59926d1e6144d3"
"285","1","2026-10-03 11:58:19.994+00","2026-10-03",,"other","985b55fd7309f7193bfb4f7fdce6f131bf74547e43075e469c59926d1e6144d3"
"286","1","2026-10-03 11:58:19.994+00","2026-10-03",,"other","985b55fd7309f7193bfb4f7fdce6f131bf74547e43075e469c59926d1e6144d3"
"287","1","2026-10-03 11:58:19.994+00","2026-10-03",,"other","985b55fd7309f7193bfb4f7fdce6f131bf74547e43075e469c59926d1e6144d3"
"288","1","2026-10-03 11:58:19.994+00","2026-10-03",,"other","985b55fd7309f7193bfb4f7fdce6f131bf74547e43075e469c59926d1e6144d3"
"289","1","2026-10-03 11:58:19.994+00","2026-10-03",,"other","985b55fd7309f7193bfb4f7fdce6f131bf74547e43075e469c59926d1e6144d3"
"290","1","2026-10-03 11:58:19.994+00","2026-10-03",,"other","985b55fd7309f7193bfb4f7fdce6f131bf74547e43075e469c59926d1e6144d3"
"291","1","2026-10-03 11:58:19.994+00","2026-10-03",,"other","985b55fd7309f7193bfb4f7fdce6f131bf74547e43075e469c59926d1e6144d3"
"292","1","2026-10-03 11:58:19.994+00","2026-10-03",,"other","985b55fd7309f7193bfb4f7fdce6f131bf74547e43075e469c59926d1e6144d3"
"293","1","2026-10-03 11:58:19.994+00","2026-10-03",,"other","985b55fd7309f7193bfb4f7fdce6f131bf74547e43075e469c59926d1e6144d3"
"294","1","2026-10-03 11:58:19.994+00","2026-10-03",,"other","985b55fd7309f7193bfb4f7fdce6f131bf74547e43075e469c59926d1e6144d3"
"295","1","2026-10-03 11:58:19.994+00","2026-10-03",,"other","985b55fd7309f7193bfb4f7fdce6f131bf74547e43075e469c59926d1e6144d3"
"296","1","2026-10-03 11:58:19.994+00","2026-10-03",,"other","985b55fd7309f7193bfb4f7fdce6f131bf74547e43075e469c59926d1e6144d3"
"297","1","2026-10-03 11:58:19.994+00","2026-10-03",,"other","985b55fd7309f7193bfb4f7fdce6f131bf74547e43075e469c59926d1e6144d3"
"298","1","2026-10-03 11:58:19.994+00","2026-10-03",,"other","985b55fd7309f7193bfb4f7fdce6f131bf74547e43075e469c59926d1e6144d3"
"299","1","2026-10-03 11:58:19.994+00","2026-10-03",,"other","985b55fd7309f7193bfb4f7fdce6f131bf74547e43075e469c59926d1e6144d3"
"300","1","2026-10-03 11:58:19.994+00","2026-10-03",,"other","985b55fd7309f7193bfb4f7fdce6f131bf74547e43075e469c59926d1e6144d3"
"301","1","2026-10-03 11:58:19.994+00","2026-10-03",,"other","985b55fd7309f7193bfb4f7fdce6f131bf74547e43075e469c59926d1e6144d3"
"302","1","2026-10-03 11:58:19.994+00","2026-10-03",,"other","985b55fd7309f7193bfb4f7fdce6f131bf74547e43075e469c59926d1e6144d3"
"303","1","2026-10-03 11:58:19.994+00","2026-10-03",,"other","985b55fd7309f7193bfb4f7fdce6f131bf74547e43075e469c59926d1e6144d3"
"304","1","2026-10-03 11:58:19.994+00","2026-10-03",,"other","985b55fd7309f7193bfb4f7fdce6f131bf74547e43075e469c59926d1e6144d3"
"305","1","2026-10-03 11:58:19.994+00","2026-10-03",,"other","985b55fd7309f7193bfb4f7fdce6f131bf74547e43075e469c59926d1e6144d3"
"306","1","2026-10-03 11:58:19.994+00","2026-10-03",,"other","985b55fd7309f7193bfb4f7fdce6f131bf74547e43075e469c59926d1e6144d3"
"307","1","2026-10-03 11:58:19.994+00","2026-10-03",,"other","985b55fd7309f7193bfb4f7fdce6f131bf74547e43075e469c59926d1e6144d3"
"308","1","2026-10-03 11:58:19.994+00","2026-10-03",,"other","985b55fd7309f7193bfb4f7fdce6f131bf74547e43075e469c59926d1e6144d3"
"309","1","2026-10-03 11:58:19.994+00","2026-10-03",,"other","985b55fd7309f7193bfb4f7fdce6f131bf74547e43075e469c59926d1e6144d3"
"310","1","2026-10-03 11:58:19.994+00","2026-10-03",,"other","985b55fd7309f7193bfb4f7fdce6f131bf74547e43075e469c59926d1e6144d3"
"311","1","2026-10-03 11:58:19.994+00","2026-10-03",,"other","985b55fd7309f7193bfb4f7fdce6f131bf74547e43075e469c59926d1e6144d3"
"312","1","2026-10-03 11:58:19.994+00","2026-10-03",,"other","985b55fd7309f7193bfb4f7fdce6f131bf74547e43075e469c59926d1e6144d3"
"313","1","2026-10-03 11:58:19.994+00","2026-10-03",,"other","985b55fd7309f7193bfb4f7fdce6f131bf74547e43075e469c59926d1e6144d3"
"314","1","2026-10-03 11:58:19.994+00","2026-10-03",,"other","985b55fd7309f7193bfb4f7fdce6f131bf74547e43075e469c59926d1e6144d3"
"315","1","2026-10-03 11:58:19.994+00","2026-10-03",,"other","985b55fd7309f7193bfb4f7fdce6f131bf74547e43075e469c59926d1e6144d3"
"316","1","2026-10-03 11:58:19.994+00","2026-10-03",,"other","985b55fd7309f7193bfb4f7fdce6f131bf74547e43075e469c59926d1e6144d3"
"317","1","2026-10-03 11:58:19.994+00","2026-10-03",,"other","985b55fd7309f7193bfb4f7fdce6f131bf74547e43075e469c59926d1e6144d3"
"318","1","2026-10-03 11:58:19.994+00","2026-10-03",,"other","985b55fd7309f7193bfb4f7fdce6f131bf74547e43075e469c59926d1e6144d3"
"319","1","2026-10-03 11:58:19.994+00","2026-10-03",,"other","985b55fd7309f7193bfb4f7fdce6f131bf74547e43075e469c59926d1e6144d3"
"320","1","2026-10-03 11:58:19.994+00","2026-10-03",,"other","985b55fd7309f7193bfb4f7fdce6f131bf74547e43075e469c59926d1e6144d3"
"321","1","2026-10-03 11:58:19.994+00","2026-10-03",,"other","985b55fd7309f7193bfb4f7fdce6f131bf74547e43075e469c59926d1e6144d3"
"322","1","2026-10-03 11:58:19.994+00","2026-10-03",,"other","985b55fd7309f7193bfb4f7fdce6f131bf74547e43075e469c59926d1e6144d3"
"323","1","2026-10-03 11:58:19.994+00","2026-10-03",,"other","985b55fd7309f7193bfb4f7fdce6f131bf74547e43075e469c59926d1e6144d3"
"324","1","2026-10-03 11:58:19.994+00","2026-10-03",,"other","985b55fd7309f7193bfb4f7fdce6f131bf74547e43075e469c59926d1e6144d3"
"325","1","2026-10-03 11:58:19.994+00","2026-10-03",,"other","985b55fd7309f7193bfb4f7fdce6f131bf74547e43075e469c59926d1e6144d3"
"326","1","2026-10-03 11:58:19.994+00","2026-10-03",,"other","985b55fd7309f7193bfb4f7fdce6f131bf74547e43075e469c59926d1e6144d3"
"327","1","2026-10-03 11:58:19.994+00","2026-10-03",,"other","985b55fd7309f7193bfb4f7fdce6f131bf74547e43075e469c59926d1e6144d3"
"328","1","2026-10-03 11:58:19.994+00","2026-10-03",,"other","985b55fd7309f7193bfb4f7fdce6f131bf74547e43075e469c59926d1e6144d3"
"329","1","2026-10-03 11:58:19.994+00","2026-10-03",,"other","985b55fd7309f7193bfb4f7fdce6f131bf74547e43075e469c59926d1e6144d3"
"330","1","2026-10-03 11:58:19.994+00","2026-10-03",,"other","985b55fd7309f7193bfb4f7fdce6f131bf74547e43075e469c59926d1e6144d3"
"331","1","2026-10-03 11:58:19.994+00","2026-10-03",,"other","985b55fd7309f7193bfb4f7fdce6f131bf74547e43075e469c59926d1e6144d3"
"332","1","2026-10-03 11:58:19.994+00","2026-10-03",,"other","985b55fd7309f7193bfb4f7fdce6f131bf74547e43075e469c59926d1e6144d3"
"333","1","2026-10-03 11:58:19.994+00","2026-10-03",,"other","985b55fd7309f7193bfb4f7fdce6f131bf74547e43075e469c59926d1e6144d3"
"334","1","2026-10-03 11:58:19.994+00","2026-10-03",,"other","985b55fd7309f7193bfb4f7fdce6f131bf74547e43075e469c59926d1e6144d3"
"335","1","2026-10-03 11:58:19.994+00","2026-10-03",,"other","985b55fd7309f7193bfb4f7fdce6f131bf74547e43075e469c59926d1e6144d3"
"336","1","2026-10-03 11:58:19.994+00","2026-10-03",,"other","985b55fd7309f7193bfb4f7fdce6f131bf74547e43075e469c59926d1e6144d3"
"337","1","2026-10-03 11:58:19.994+00","2026-10-03",,"other","985b55fd7309f7193bfb4f7fdce6f131bf74547e43075e469c59926d1e6144d3"
"338","1","2026-10-03 11:58:19.994+00","2026-10-03",,"other","985b55fd7309f7193bfb4f7fdce6f131bf74547e43075e469c59926d1e6144d3"
"339","1","2026-10-03 11:58:19.994+00","2026-10-03",,"other","985b55fd7309f7193bfb4f7fdce6f131bf74547e43075e469c59926d1e6144d3"
"340","1","2026-10-03 11:58:19.994+00","2026-10-03",,"other","985b55fd7309f7193bfb4f7fdce6f131bf74547e43075e469c59926d1e6144d3"
"341","1","2026-10-03 11:58:19.994+00","2026-10-03",,"other","985b55fd7309f7193bfb4f7fdce6f131bf74547e43075e469c59926d1e6144d3"
"342","1","2026-10-03 11:58:19.994+00","2026-10-03",,"other","985b55fd7309f7193bfb4f7fdce6f131bf74547e43075e469c59926d1e6144d3"
"343","1","2026-10-03 11:58:19.994+00","2026-10-03",,"other","985b55fd7309f7193bfb4f7fdce6f131bf74547e43075e469c59926d1e6144d3"
"344","1","2026-10-03 11:58:19.994+00","2026-10-03",,"other","985b55fd7309f7193bfb4f7fdce6f131bf74547e43075e469c59926d1e6144d3"
"345","1","2026-10-03 11:58:19.994+00","2026-10-03",,"other","985b55fd7309f7193bfb4f7fdce6f131bf74547e43075e469c59926d1e6144d3"
"346","1","2026-10-03 11:58:19.994+00","2026-10-03",,"other","985b55fd7309f7193bfb4f7fdce6f131bf74547e43075e469c59926d1e6144d3"
"347","1","2026-10-03 11:58:19.994+00","2026-10-03",,"other","985b55fd7309f7193bfb4f7fdce6f131bf74547e43075e469c59926d1e6144d3"
"348","1","2026-10-03 11:58:19.994+00","2026-10-03",,"other","985b55fd7309f7193bfb4f7fdce6f131bf74547e43075e469c59926d1e6144d3"
"349","1","2026-10-03 11:58:19.994+00","2026-10-03",,"other","985b55fd7309f7193bfb4f7fdce6f131bf74547e43075e469c59926d1e6144d3"
"350","1","2026-10-03 11:58:19.994+00","2026-10-03",,"other","985b55fd7309f7193bfb4f7fdce6f131bf74547e43075e469c59926d1e6144d3"
"351","1","2026-10-03 11:58:19.994+00","2026-10-03",,"other","985b55fd7309f7193bfb4f7fdce6f131bf74547e43075e469c59926d1e6144d3"
"352","1","2026-10-03 11:58:19.994+00","2026-10-03",,"other","985b55fd7309f7193bfb4f7fdce6f131bf74547e43075e469c59926d1e6144d3"
"353","1","2026-10-03 11:58:19.994+00","2026-10-03",,"other","985b55fd7309f7193bfb4f7fdce6f131bf74547e43075e469c59926d1e6144d3"
"354","1","2026-10-03 11:58:19.994+00","2026-10-03",,"other","985b55fd7309f7193bfb4f7fdce6f131bf74547e43075e469c59926d1e6144d3"
"355","1","2026-10-03 11:58:19.994+00","2026-10-03",,"other","985b55fd7309f7193bfb4f7fdce6f131bf74547e43075e469c59926d1e6144d3"
"356","1","2026-10-03 11:58:19.994+00","2026-10-03",,"other","985b55fd7309f7193bfb4f7fdce6f131bf74547e43075e469c59926d1e6144d3"
"357","1","2026-10-03 11:58:19.994+00","2026-10-03",,"other","985b55fd7309f7193bfb4f7fdce6f131bf74547e43075e469c59926d1e6144d3"
"358","1","2026-10-03 11:58:19.994+00","2026-10-03",,"other","985b55fd7309f7193bfb4f7fdce6f131bf74547e43075e469c59926d1e6144d3"
"359","1","2026-10-03 11:58:19.994+00","2026-10-03",,"other","985b55fd7309f7193bfb4f7fdce6f131bf74547e43075e469c59926d1e6144d3"
"360","1","2026-10-03 11:58:19.994+00","2026-10-03",,"other","985b55fd7309f7193bfb4f7fdce6f131bf74547e43075e469c59926d1e6144d3"
"361","1","2026-10-03 11:58:19.994+00","2026-10-03",,"other","985b55fd7309f7193bfb4f7fdce6f131bf74547e43075e469c59926d1e6144d3"
"362","1","2026-10-03 11:58:19.994+00","2026-10-03",,"other","985b55fd7309f7193bfb4f7fdce6f131bf74547e43075e469c59926d1e6144d3"
"363","1","2026-10-03 11:58:19.994+00","2026-10-03",,"other","985b55fd7309f7193bfb4f7fdce6f131bf74547e43075e469c59926d1e6144d3"
"364","1","2026-10-03 11:58:19.994+00","2026-10-03",,"other","985b55fd7309f7193bfb4f7fdce6f131bf74547e43075e469c59926d1e6144d3"
"365","1","2026-10-03 11:58:19.994+00","2026-10-03",,"other","985b55fd7309f7193bfb4f7fdce6f131bf74547e43075e469c59926d1e6144d3"
"366","1","2026-10-03 11:58:19.994+00","2026-10-03",,"other","985b55fd7309f7193bfb4f7fdce6f131bf74547e43075e469c59926d1e6144d3"
"367","1","2026-10-03 11:58:19.994+00","2026-10-03",,"other","985b55fd7309f7193bfb4f7fdce6f131bf74547e43075e469c59926d1e6144d3"
"368","1","2026-10-03 11:58:19.994+00","2026-10-03",,"other","985b55fd7309f7193bfb4f7fdce6f131bf74547e43075e469c59926d1e6144d3"
"369","1","2026-10-03 11:58:19.994+00","2026-10-03",,"other","985b55fd7309f7193bfb4f7fdce6f131bf74547e43075e469c59926d1e6144d3"
"370","1","2026-10-03 11:58:19.994+00","2026-10-03",,"other","985b55fd7309f7193bfb4f7fdce6f131bf74547e43075e469c59926d1e6144d3"
"371","1","2026-10-03 11:58:19.994+00","2026-10-03",,"other","985b55fd7309f7193bfb4f7fdce6f131bf74547e43075e469c59926d1e6144d3"
"372","1","2026-10-03 11:58:19.994+00","2026-10-03",,"other","985b55fd7309f7193bfb4f7fdce6f131bf74547e43075e469c59926d1e6144d3"
"373","1","2026-10-03 11:58:19.994+00","2026-10-03",,"other","985b55fd7309f7193bfb4f7fdce6f131bf74547e43075e469c59926d1e6144d3"
"374","1","2026-10-03 11:58:19.994+00","2026-10-03",,"other","985b55fd7309f7193bfb4f7fdce6f131bf74547e43075e469c59926d1e6144d3"
"375","1","2026-10-03 11:58:19.994+00","2026-10-03",,"other","985b55fd7309f7193bfb4f7fdce6f131bf74547e43075e469c59926d1e6144d3"
"376","1","2026-10-03 11:58:19.994+00","2026-10-03",,"other","985b55fd7309f7193bfb4f7fdce6f131bf74547e43075e469c59926d1e6144d3"
"377","1","2026-10-03 11:58:19.994+00","2026-10-03",,"other","985b55fd7309f7193bfb4f7fdce6f131bf74547e43075e469c59926d1e6144d3"
"378","1","2026-10-03 11:58:19.994+00","2026-10-03",,"other","985b55fd7309f7193bfb4f7fdce6f131bf74547e43075e469c59926d1e6144d3"
"379","1","2026-10-03 11:58:19.994+00","2026-10-03",,"other","985b55fd7309f7193bfb4f7fdce6f131bf74547e43075e469c59926d1e6144d3"
"380","1","2026-10-03 11:58:19.994+00","2026-10-03",,"other","985b55fd7309f7193bfb4f7fdce6f131bf74547e43075e469c59926d1e6144d3"
"381","1","2026-10-03 11:58:19.994+00","2026-10-03",,"other","985b55fd7309f7193bfb4f7fdce6f131bf74547e43075e469c59926d1e6144d3"
"382","1","2026-10-03 11:58:19.994+00","2026-10-03",,"other","985b55fd7309f7193bfb4f7fdce6f131bf74547e43075e469c59926d1e6144d3"
"383","1","2026-10-03 11:58:19.994+00","2026-10-03",,"other","985b55fd7309f7193bfb4f7fdce6f131bf74547e43075e469c59926d1e6144d3"
"384","1","2026-10-03 11:58:19.994+00","2026-10-03",,"other","985b55fd7309f7193bfb4f7fdce6f131bf74547e43075e469c59926d1e6144d3"
"385","1","2026-10-03 11:58:19.994+00","2026-10-03",,"other","985b55fd7309f7193bfb4f7fdce6f131bf74547e43075e469c59926d1e6144d3"
"386","1","2026-10-03 11:58:19.994+00","2026-10-03",,"other","985b55fd7309f7193bfb4f7fdce6f131bf74547e43075e469c59926d1e6144d3"
"387","1","2026-10-03 11:58:19.994+00","2026-10-03",,"other","985b55fd7309f7193bfb4f7fdce6f131bf74547e43075e469c59926d1e6144d3"
"388","1","2026-10-03 11:58:19.994+00","2026-10-03",,"other","985b55fd7309f7193bfb4f7fdce6f131bf74547e43075e469c59926d1e6144d3"
"389","1","2026-10-03 11:58:19.994+00","2026-10-03",,"other","985b55fd7309f7193bfb4f7fdce6f131bf74547e43075e469c59926d1e6144d3"
"390","1","2026-10-03 11:58:19.994+00","2026-10-03",,"other","985b55fd7309f7193bfb4f7fdce6f131bf74547e43075e469c59926d1e6144d3"
"391","1","2026-10-03 11:58:19.994+00","2026-10-03",,"other","985b55fd7309f7193bfb4f7fdce6f131bf74547e43075e469c59926d1e6144d3"
"392","1","2026-10-03 11:58:19.994+00","2026-10-03",,"other","985b55fd7309f7193bfb4f7fdce6f131bf74547e43075e469c59926d1e6144d3"
"393","1","2026-10-03 11:58:19.994+00","2026-10-03",,"other","985b55fd7309f7193bfb4f7fdce6f131bf74547e43075e469c59926d1e6144d3"
"394","1","2026-10-03 11:58:19.994+00","2026-10-03",,"other","985b55fd7309f7193bfb4f7fdce6f131bf74547e43075e469c59926d1e6144d3"
"395","1","2026-10-03 11:58:19.994+00","2026-10-03",,"other","985b55fd7309f7193bfb4f7fdce6f131bf74547e43075e469c59926d1e6144d3"
"396","1","2026-10-03 11:58:19.994+00","2026-10-03",,"other","985b55fd7309f7193bfb4f7fdce6f131bf74547e43075e469c59926d1e6144d3"
"397","1","2026-10-03 11:58:19.994+00","2026-10-03",,"other","985b55fd7309f7193bfb4f7fdce6f131bf74547e43075e469c59926d1e6144d3"
"398","1","2026-10-03 11:58:19.994+00","2026-10-03",,"other","985b55fd7309f7193bfb4f7fdce6f131bf74547e43075e469c59926d1e6144d3"
"399","1","2026-10-03 11:58:19.994+00","2026-10-03",,"other","985b55fd7309f7193bfb4f7fdce6f131bf74547e43075e469c59926d1e6144d3"
"400","1","2026-10-03 11:58:19.994+00","2026-10-03",,"other","985b55fd7309f7193bfb4f7fdce6f131bf74547e43075e469c59926d1e6144d3"
"401","1","2026-10-03 11:58:19.994+00","2026-10-03",,"other","985b55fd7309f7193bfb4f7fdce6f131bf74547e43075e469c59926d1e6144d3"
"402","1","2026-10-03 11:58:19.994+00","2026-10-03",,"other","985b55fd7309f7193bfb4f7fdce6f131bf74547e43075e469c59926d1e6144d3"
"403","1","2026-10-03 11:58:19.994+00","2026-10-03",,"other","985b55fd7309f7193bfb4f7fdce6f131bf74547e43075e469c59926d1e6144d3"
"404","1","2026-10-03 11:58:19.994+00","2026-10-03",,"other","985b55fd7309f7193bfb4f7fdce6f131bf74547e43075e469c59926d1e6144d3"
"405","1","2026-10-03 11:58:19.994+00","2026-10-03",,"other","985b55fd7309f7193bfb4f7fdce6f131bf74547e43075e469c59926d1e6144d3"
"406","1","2026-10-03 11:58:19.994+00","2026-10-03",,"other","985b55fd7309f7193bfb4f7fdce6f131bf74547e43075e469c59926d1e6144d3"
"407","1","2026-10-03 11:58:19.994+00","2026-10-03",,"other","985b55fd7309f7193bfb4f7fdce6f131bf74547e43075e469c59926d1e6144d3"
"408","1","2026-10-03 11:58:19.994+00","2026-10-03",,"other","985b55fd7309f7193bfb4f7fdce6f131bf74547e43075e469c59926d1e6144d3"
"409","1","2026-10-03 11:58:19.994+00","2026-10-03",,"other","985b55fd7309f7193bfb4f7fdce6f131bf74547e43075e469c59926d1e6144d3"
"410","1","2026-10-03 11:58:19.994+00","2026-10-03",,"other","985b55fd7309f7193bfb4f7fdce6f131bf74547e43075e469c59926d1e6144d3"
"411","1","2026-10-03 11:58:19.994+00","2026-10-03",,"other","985b55fd7309f7193bfb4f7fdce6f131bf74547e43075e469c59926d1e6144d3"
"412","1","2026-10-03 11:58:19.994+00","2026-10-03",,"other","985b55fd7309f7193bfb4f7fdce6f131bf74547e43075e469c59926d1e6144d3"
"413","1","2026-10-03 11:58:19.994+00","2026-10-03",,"other","985b55fd7309f7193bfb4f7fdce6f131bf74547e43075e469c59926d1e6144d3"
"414","1","2026-10-03 11:58:19.994+00","2026-10-03",,"other","985b55fd7309f7193bfb4f7fdce6f131bf74547e43075e469c59926d1e6144d3"
"415","1","2026-10-03 11:58:19.994+00","2026-10-03",,"other","985b55fd7309f7193bfb4f7fdce6f131bf74547e43075e469c59926d1e6144d3"
"416","1","2026-10-03 11:58:19.994+00","2026-10-03",,"other","985b55fd7309f7193bfb4f7fdce6f131bf74547e43075e469c59926d1e6144d3"
"417","1","2026-10-03 11:58:19.994+00","2026-10-03",,"other","985b55fd7309f7193bfb4f7fdce6f131bf74547e43075e469c59926d1e6144d3"
"418","1","2026-10-03 11:58:19.994+00","2026-10-03",,"other","985b55fd7309f7193bfb4f7fdce6f131bf74547e43075e469c59926d1e6144d3"
"419","1","2026-10-03 11:58:19.994+00","2026-10-03",,"other","985b55fd7309f7193bfb4f7fdce6f131bf74547e43075e469c59926d1e6144d3"
"420","1","2026-10-03 11:58:19.994+00","2026-10-03",,"other","985b55fd7309f7193bfb4f7fdce6f131bf74547e43075e469c59926d1e6144d3"
"421","1","2026-10-03 11:58:19.994+00","2026-10-03",,"other","985b55fd7309f7193bfb4f7fdce6f131bf74547e43075e469c59926d1e6144d3"
"422","1","2026-10-03 11:58:19.994+00","2026-10-03",,"other","985b55fd7309f7193bfb4f7fdce6f131bf74547e43075e469c59926d1e6144d3"
"423","1","2026-10-03 11:58:19.994+00","2026-10-03",,"other","985b55fd7309f7193bfb4f7fdce6f131bf74547e43075e469c59926d1e6144d3"
"424","1","2026-10-03 11:58:19.994+00","2026-10-03",,"other","985b55fd7309f7193bfb4f7fdce6f131bf74547e43075e469c59926d1e6144d3"
"425","1","2026-10-03 11:58:19.994+00","2026-10-03",,"other","985b55fd7309f7193bfb4f7fdce6f131bf74547e43075e469c59926d1e6144d3"
"426","1","2026-10-03 11:58:19.994+00","2026-10-03",,"other","985b55fd7309f7193bfb4f7fdce6f131bf74547e43075e469c59926d1e6144d3"
"427","1","2026-10-03 11:58:19.994+00","2026-10-03",,"other","985b55fd7309f7193bfb4f7fdce6f131bf74547e43075e469c59926d1e6144d3"
"428","1","2026-10-03 11:58:19.994+00","2026-10-03",,"other","985b55fd7309f7193bfb4f7fdce6f131bf74547e43075e469c59926d1e6144d3"
"429","1","2026-10-03 11:58:19.994+00","2026-10-03",,"other","985b55fd7309f7193bfb4f7fdce6f131bf74547e43075e469c59926d1e6144d3"
"430","1","2026-10-03 11:58:19.994+00","2026-10-03",,"other","985b55fd7309f7193bfb4f7fdce6f131bf74547e43075e469c59926d1e6144d3"
"431","1","2026-10-03 11:58:19.994+00","2026-10-03",,"other","985b55fd7309f7193bfb4f7fdce6f131bf74547e43075e469c59926d1e6144d3"
"432","1","2026-10-03 11:58:19.994+00","2026-10-03",,"other","985b55fd7309f7193bfb4f7fdce6f131bf74547e43075e469c59926d1e6144d3"
"433","1","2026-10-03 11:58:19.994+00","2026-10-03",,"other","985b55fd7309f7193bfb4f7fdce6f131bf74547e43075e469c59926d1e6144d3"
"434","1","2026-10-03 11:58:19.994+00","2026-10-03",,"other","985b55fd7309f7193bfb4f7fdce6f131bf74547e43075e469c59926d1e6144d3"
"435","1","2026-10-03 11:58:19.994+00","2026-10-03",,"other","985b55fd7309f7193bfb4f7fdce6f131bf74547e43075e469c59926d1e6144d3"
"436","1","2026-10-03 11:58:19.994+00","2026-10-03",,"other","985b55fd7309f7193bfb4f7fdce6f131bf74547e43075e469c59926d1e6144d3"
"437","1","2026-10-03 11:58:19.994+00","2026-10-03",,"other","985b55fd7309f7193bfb4f7fdce6f131bf74547e43075e469c59926d1e6144d3"
"438","1","2026-10-03 11:58:19.994+00","2026-10-03",,"other","985b55fd7309f7193bfb4f7fdce6f131bf74547e43075e469c59926d1e6144d3"
"439","1","2026-10-03 11:58:19.994+00","2026-10-03",,"other","985b55fd7309f7193bfb4f7fdce6f131bf74547e43075e469c59926d1e6144d3"
"440","1","2026-10-03 11:58:19.994+00","2026-10-03",,"other","985b55fd7309f7193bfb4f7fdce6f131bf74547e43075e469c59926d1e6144d3"
"441","1","2026-10-03 11:58:19.994+00","2026-10-03",,"other","985b55fd7309f7193bfb4f7fdce6f131bf74547e43075e469c59926d1e6144d3"
"442","1","2026-10-03 11:58:19.994+00","2026-10-03",,"other","985b55fd7309f7193bfb4f7fdce6f131bf74547e43075e469c59926d1e6144d3"
"443","1","2026-10-03 11:58:19.994+00","2026-10-03",,"other","985b55fd7309f7193bfb4f7fdce6f131bf74547e43075e469c59926d1e6144d3"
"444","1","2026-10-03 11:58:19.994+00","2026-10-03",,"other","985b55fd7309f7193bfb4f7fdce6f131bf74547e43075e469c59926d1e6144d3"
"445","1","2026-10-03 11:58:19.994+00","2026-10-03",,"other","985b55fd7309f7193bfb4f7fdce6f131bf74547e43075e469c59926d1e6144d3"
"446","1","2026-10-03 11:58:19.994+00","2026-10-03",,"other","985b55fd7309f7193bfb4f7fdce6f131bf74547e43075e469c59926d1e6144d3"
"447","1","2026-10-03 11:58:19.994+00","2026-10-03",,"other","985b55fd7309f7193bfb4f7fdce6f131bf74547e43075e469c59926d1e6144d3"
"448","1","2026-10-03 11:58:19.994+00","2026-10-03",,"other","985b55fd7309f7193bfb4f7fdce6f131bf74547e43075e469c59926d1e6144d3"
"449","1","2026-10-03 11:58:19.994+00","2026-10-03",,"other","985b55fd7309f7193bfb4f7fdce6f131bf74547e43075e469c59926d1e6144d3"
"450","1","2026-10-03 11:58:19.994+00","2026-10-03",,"other","985b55fd7309f7193bfb4f7fdce6f131bf74547e43075e469c59926d1e6144d3"
"451","1","2026-10-03 11:58:19.994+00","2026-10-03",,"other","985b55fd7309f7193bfb4f7fdce6f131bf74547e43075e469c59926d1e6144d3"
"452","1","2026-10-03 11:58:19.994+00","2026-10-03",,"other","985b55fd7309f7193bfb4f7fdce6f131bf74547e43075e469c59926d1e6144d3"
"453","1","2026-10-03 11:58:19.994+00","2026-10-03",,"other","985b55fd7309f7193bfb4f7fdce6f131bf74547e43075e469c59926d1e6144d3"
"454","1","2026-10-03 11:58:19.994+00","2026-10-03",,"other","985b55fd7309f7193bfb4f7fdce6f131bf74547e43075e469c59926d1e6144d3"
"455","1","2026-10-03 11:58:19.994+00","2026-10-03",,"other","985b55fd7309f7193bfb4f7fdce6f131bf74547e43075e469c59926d1e6144d3"
"456","1","2026-10-03 11:58:19.994+00","2026-10-03",,"other","985b55fd7309f7193bfb4f7fdce6f131bf74547e43075e469c59926d1e6144d3"
"457","1","2026-10-03 11:58:19.994+00","2026-10-03",,"other","985b55fd7309f7193bfb4f7fdce6f131bf74547e43075e469c59926d1e6144d3"
"458","1","2026-10-03 11:58:19.994+00","2026-10-03",,"other","985b55fd7309f7193bfb4f7fdce6f131bf74547e43075e469c59926d1e6144d3"
"459","1","2026-10-03 11:58:19.994+00","2026-10-03",,"other","985b55fd7309f7193bfb4f7fdce6f131bf74547e43075e469c59926d1e6144d3"
"460","1","2026-10-03 11:58:19.994+00","2026-10-03",,"other","985b55fd7309f7193bfb4f7fdce6f131bf74547e43075e469c59926d1e6144d3"
"461","1","2026-10-03 11:58:19.994+00","2026-10-03",,"other","985b55fd7309f7193bfb4f7fdce6f131bf74547e43075e469c59926d1e6144d3"
"462","1","2026-10-03 11:58:19.994+00","2026-10-03",,"other","985b55fd7309f7193bfb4f7fdce6f131bf74547e43075e469c59926d1e6144d3"
"463","1","2026-10-03 11:58:19.994+00","2026-10-03",,"other","985b55fd7309f7193bfb4f7fdce6f131bf74547e43075e469c59926d1e6144d3"
"464","1","2026-10-03 11:58:19.994+00","2026-10-03",,"other","985b55fd7309f7193bfb4f7fdce6f131bf74547e43075e469c59926d1e6144d3"
"465","1","2026-10-03 11:58:19.994+00","2026-10-03",,"other","985b55fd7309f7193bfb4f7fdce6f131bf74547e43075e469c59926d1e6144d3"
"466","1","2026-10-03 11:58:19.994+00","2026-10-03",,"other","985b55fd7309f7193bfb4f7fdce6f131bf74547e43075e469c59926d1e6144d3"
"467","1","2026-10-03 11:58:19.994+00","2026-10-03",,"other","985b55fd7309f7193bfb4f7fdce6f131bf74547e43075e469c59926d1e6144d3"
"468","1","2026-10-03 11:58:19.994+00","2026-10-03",,"other","985b55fd7309f7193bfb4f7fdce6f131bf74547e43075e469c59926d1e6144d3"
"469","1","2026-10-03 11:58:19.994+00","2026-10-03",,"other","985b55fd7309f7193bfb4f7fdce6f131bf74547e43075e469c59926d1e6144d3"
"470","1","2026-10-03 11:58:19.994+00","2026-10-03",,"other","985b55fd7309f7193bfb4f7fdce6f131bf74547e43075e469c59926d1e6144d3"
"471","1","2026-10-03 11:58:19.994+00","2026-10-03",,"other","985b55fd7309f7193bfb4f7fdce6f131bf74547e43075e469c59926d1e6144d3"
"472","1","2026-10-03 11:58:19.994+00","2026-10-03",,"other","985b55fd7309f7193bfb4f7fdce6f131bf74547e43075e469c59926d1e6144d3"
"473","1","2026-10-03 11:58:19.994+00","2026-10-03",,"other","985b55fd7309f7193bfb4f7fdce6f131bf74547e43075e469c59926d1e6144d3"
"474","1","2026-10-03 11:58:19.994+00","2026-10-03",,"other","985b55fd7309f7193bfb4f7fdce6f131bf74547e43075e469c59926d1e6144d3"
"475","1","2026-10-03 11:58:19.994+00","2026-10-03",,"other","985b55fd7309f7193bfb4f7fdce6f131bf74547e43075e469c59926d1e6144d3"
"476","1","2026-10-03 11:58:19.994+00","2026-10-03",,"other","985b55fd7309f7193bfb4f7fdce6f131bf74547e43075e469c59926d1e6144d3"
"477","1","2026-10-03 11:58:19.994+00","2026-10-03",,"other","985b55fd7309f7193bfb4f7fdce6f131bf74547e43075e469c59926d1e6144d3"
"478","1","2026-10-03 11:58:19.994+00","2026-10-03",,"other","985b55fd7309f7193bfb4f7fdce6f131bf74547e43075e469c59926d1e6144d3"
"479","1","2026-10-03 11:58:19.994+00","2026-10-03",,"other","985b55fd7309f7193bfb4f7fdce6f131bf74547e43075e469c59926d1e6144d3"
"480","1","2026-10-03 11:58:19.994+00","2026-10-03",,"other","985b55fd7309f7193bfb4f7fdce6f131bf74547e43075e469c59926d1e6144d3"
"481","1","2026-10-03 11:58:19.994+00","2026-10-03",,"other","985b55fd7309f7193bfb4f7fdce6f131bf74547e43075e469c59926d1e6144d3"
"482","1","2026-10-03 11:58:19.994+00","2026-10-03",,"other","985b55fd7309f7193bfb4f7fdce6f131bf74547e43075e469c59926d1e6144d3"
"483","1","2026-10-03 11:58:19.994+00","2026-10-03",,"other","985b55fd7309f7193bfb4f7fdce6f131bf74547e43075e469c59926d1e6144d3"
"484","1","2026-10-03 11:58:19.994+00","2026-10-03",,"other","985b55fd7309f7193bfb4f7fdce6f131bf74547e43075e469c59926d1e6144d3"
"485","1","2026-10-03 11:58:19.994+00","2026-10-03",,"other","985b55fd7309f7193bfb4f7fdce6f131bf74547e43075e469c59926d1e6144d3"
"486","1","2026-10-03 11:58:19.994+00","2026-10-03",,"other","985b55fd7309f7193bfb4f7fdce6f131bf74547e43075e469c59926d1e6144d3"
"487","1","2026-10-03 11:58:19.994+00","2026-10-03",,"other","985b55fd7309f7193bfb4f7fdce6f131bf74547e43075e469c59926d1e6144d3"
"488","1","2026-10-03 11:58:19.994+00","2026-10-03",,"other","985b55fd7309f7193bfb4f7fdce6f131bf74547e43075e469c59926d1e6144d3"
"489","1","2026-10-03 11:58:19.994+00","2026-10-03",,"other","985b55fd7309f7193bfb4f7fdce6f131bf74547e43075e469c59926d1e6144d3"
"490","1","2026-10-03 11:58:19.994+00","2026-10-03",,"other","985b55fd7309f7193bfb4f7fdce6f131bf74547e43075e469c59926d1e6144d3"
"491","1","2026-10-03 11:58:19.994+00","2026-10-03",,"other","985b55fd7309f7193bfb4f7fdce6f131bf74547e43075e469c59926d1e6144d3"
"492","1","2026-10-03 11:58:19.994+00","2026-10-03",,"other","985b55fd7309f7193bfb4f7fdce6f131bf74547e43075e469c59926d1e6144d3"
"493","1","2026-10-03 11:58:19.994+00","2026-10-03",,"other","985b55fd7309f7193bfb4f7fdce6f131bf74547e43075e469c59926d1e6144d3"
"494","1","2026-10-03 11:58:19.994+00","2026-10-03",,"other","985b55fd7309f7193bfb4f7fdce6f131bf74547e43075e469c59926d1e6144d3"
"495","1","2026-10-03 11:58:19.994+00","2026-10-03",,"other","985b55fd7309f7193bfb4f7fdce6f131bf74547e43075e469c59926d1e6144d3"
"496","1","2026-10-03 11:58:19.994+00","2026-10-03",,"other","985b55fd7309f7193bfb4f7fdce6f131bf74547e43075e469c59926d1e6144d3"
"497","1","2026-10-03 11:58:19.994+00","2026-10-03",,"other","985b55fd7309f7193bfb4f7fdce6f131bf74547e43075e469c59926d1e6144d3"
"498","1","2026-10-03 11:58:19.994+00","2026-10-03",,"other","985b55fd7309f7193bfb4f7fdce6f131bf74547e43075e469c59926d1e6144d3"
"499","1","2026-10-03 11:58:19.994+00","2026-10-03",,"other","985b55fd7309f7193bfb4f7fdce6f131bf74547e43075e469c59926d1e6144d3"
"500","1","2026-10-03 11:58:19.994+00","2026-10-03",,"other","985b55fd7309f7193bfb4f7fdce6f131bf74547e43075e469c59926d1e6144d3"
"501","1","2026-10-03 11:58:19.994+00","2026-10-03",,"other","985b55fd7309f7193bfb4f7fdce6f131bf74547e43075e469c59926d1e6144d3"
"502","1","2026-10-03 11:58:19.994+00","2026-10-03",,"other","985b55fd7309f7193bfb4f7fdce6f131bf74547e43075e469c59926d1e6144d3"
"503","1","2026-10-03 11:58:19.994+00","2026-10-03",,"other","985b55fd7309f7193bfb4f7fdce6f131bf74547e43075e469c59926d1e6144d3"
"504","1","2026-10-03 11:58:19.994+00","2026-10-03",,"other","985b55fd7309f7193bfb4f7fdce6f131bf74547e43075e469c59926d1e6144d3"
"505","1","2026-10-03 11:58:19.994+00","2026-10-03",,"other","985b55fd7309f7193bfb4f7fdce6f131bf74547e43075e469c59926d1e6144d3"
"506","1","2026-10-03 11:58:19.994+00","2026-10-03",,"other","985b55fd7309f7193bfb4f7fdce6f131bf74547e43075e469c59926d1e6144d3"
"507","1","2026-10-03 11:58:19.994+00","2026-10-03",,"other","985b55fd7309f7193bfb4f7fdce6f131bf74547e43075e469c59926d1e6144d3"
"508","1","2026-10-03 11:58:19.994+00","2026-10-03",,"other","985b55fd7309f7193bfb4f7fdce6f131bf74547e43075e469c59926d1e6144d3"
"509","1","2026-10-03 11:58:19.994+00","2026-10-03",,"other","985b55fd7309f7193bfb4f7fdce6f131bf74547e43075e469c59926d1e6144d3"
"510","1","2026-10-03 11:58:19.994+00","2026-10-03",,"other","985b55fd7309f7193bfb4f7fdce6f131bf74547e43075e469c59926d1e6144d3"
"511","1","2026-10-03 11:58:19.994+00","2026-10-03",,"other","985b55fd7309f7193bfb4f7fdce6f131bf74547e43075e469c59926d1e6144d3"
"512","1","2026-10-03 11:58:19.994+00","2026-10-03",,"other","985b55fd7309f7193bfb4f7fdce6f131bf74547e43075e469c59926d1e6144d3"
"513","1","2026-10-03 11:58:19.994+00","2026-10-03",,"other","985b55fd7309f7193bfb4f7fdce6f131bf74547e43075e469c59926d1e6144d3"
"514","1","2026-10-03 11:58:19.994+00","2026-10-03",,"other","985b55fd7309f7193bfb4f7fdce6f131bf74547e43075e469c59926d1e6144d3"
"515","1","2026-10-03 11:58:19.994+00","2026-10-03",,"other","985b55fd7309f7193bfb4f7fdce6f131bf74547e43075e469c59926d1e6144d3"
"516","1","2026-10-03 11:58:19.994+00","2026-10-03",,"other","985b55fd7309f7193bfb4f7fdce6f131bf74547e43075e469c59926d1e6144d3"
"517","1","2026-10-03 11:58:19.994+00","2026-10-03",,"other","985b55fd7309f7193bfb4f7fdce6f131bf74547e43075e469c59926d1e6144d3"
"518","1","2026-10-03 11:58:19.994+00","2026-10-03",,"other","985b55fd7309f7193bfb4f7fdce6f131bf74547e43075e469c59926d1e6144d3"
"519","1","2026-10-03 11:58:19.994+00","2026-10-03",,"other","985b55fd7309f7193bfb4f7fdce6f131bf74547e43075e469c59926d1e6144d3"
"520","1","2026-10-03 11:58:19.994+00","2026-10-03",,"other","985b55fd7309f7193bfb4f7fdce6f131bf74547e43075e469c59926d1e6144d3"
"521","1","2026-10-03 11:58:19.994+00","2026-10-03",,"other","985b55fd7309f7193bfb4f7fdce6f131bf74547e43075e469c59926d1e6144d3"
"522","1","2026-10-03 11:58:19.994+00","2026-10-03",,"other","985b55fd7309f7193bfb4f7fdce6f131bf74547e43075e469c59926d1e6144d3"
"523","1","2026-10-03 11:58:19.994+00","2026-10-03",,"other","985b55fd7309f7193bfb4f7fdce6f131bf74547e43075e469c59926d1e6144d3"
"524","1","2026-10-03 11:58:19.994+00","2026-10-03",,"other","985b55fd7309f7193bfb4f7fdce6f131bf74547e43075e469c59926d1e6144d3"
"525","1","2026-10-03 11:58:19.994+00","2026-10-03",,"other","985b55fd7309f7193bfb4f7fdce6f131bf74547e43075e469c59926d1e6144d3"
"526","1","2026-10-03 11:58:19.994+00","2026-10-03",,"other","985b55fd7309f7193bfb4f7fdce6f131bf74547e43075e469c59926d1e6144d3"
"527","1","2026-10-03 11:58:19.994+00","2026-10-03",,"other","985b55fd7309f7193bfb4f7fdce6f131bf74547e43075e469c59926d1e6144d3"
"528","1","2026-10-03 11:58:19.994+00","2026-10-03",,"other","985b55fd7309f7193bfb4f7fdce6f131bf74547e43075e469c59926d1e6144d3"
"529","1","2026-10-03 11:58:19.994+00","2026-10-03",,"other","985b55fd7309f7193bfb4f7fdce6f131bf74547e43075e469c59926d1e6144d3"
"530","1","2026-10-03 11:58:19.994+00","2026-10-03",,"other","985b55fd7309f7193bfb4f7fdce6f131bf74547e43075e469c59926d1e6144d3"
"531","1","2026-10-03 11:58:19.994+00","2026-10-03",,"other","985b55fd7309f7193bfb4f7fdce6f131bf74547e43075e469c59926d1e6144d3"
"532","1","2026-10-03 11:58:19.994+00","2026-10-03",,"other","985b55fd7309f7193bfb4f7fdce6f131bf74547e43075e469c59926d1e6144d3"
"533","1","2026-10-03 11:58:19.994+00","2026-10-03",,"other","985b55fd7309f7193bfb4f7fdce6f131bf74547e43075e469c59926d1e6144d3"
"534","1","2026-10-03 11:58:19.994+00","2026-10-03",,"other","985b55fd7309f7193bfb4f7fdce6f131bf74547e43075e469c59926d1e6144d3"
"535","1","2026-10-03 11:58:19.994+00","2026-10-03",,"other","985b55fd7309f7193bfb4f7fdce6f131bf74547e43075e469c59926d1e6144d3"
"536","1","2026-10-03 11:58:19.994+00","2026-10-03",,"other","985b55fd7309f7193bfb4f7fdce6f131bf74547e43075e469c59926d1e6144d3"
"537","1","2026-10-03 11:58:19.994+00","2026-10-03",,"other","985b55fd7309f7193bfb4f7fdce6f131bf74547e43075e469c59926d1e6144d3"
"538","1","2026-10-03 11:58:19.994+00","2026-10-03",,"other","985b55fd7309f7193bfb4f7fdce6f131bf74547e43075e469c59926d1e6144d3"
"539","1","2026-10-03 11:58:19.994+00","2026-10-03",,"other","985b55fd7309f7193bfb4f7fdce6f131bf74547e43075e469c59926d1e6144d3"
"540","1","2026-10-03 11:58:19.994+00","2026-10-03",,"other","985b55fd7309f7193bfb4f7fdce6f131bf74547e43075e469c59926d1e6144d3"
"541","1","2026-10-03 11:58:19.994+00","2026-10-03",,"other","985b55fd7309f7193bfb4f7fdce6f131bf74547e43075e469c59926d1e6144d3"
"542","1","2026-10-03 11:58:19.994+00","2026-10-03",,"other","985b55fd7309f7193bfb4f7fdce6f131bf74547e43075e469c59926d1e6144d3"
"543","1","2026-10-03 11:58:19.994+00","2026-10-03",,"other","985b55fd7309f7193bfb4f7fdce6f131bf74547e43075e469c59926d1e6144d3"
"544","1","2026-10-03 11:58:19.994+00","2026-10-03",,"other","985b55fd7309f7193bfb4f7fdce6f131bf74547e43075e469c59926d1e6144d3"
"545","1","2026-10-03 11:58:19.994+00","2026-10-03",,"other","985b55fd7309f7193bfb4f7fdce6f131bf74547e43075e469c59926d1e6144d3"
"546","1","2026-10-03 11:58:19.994+00","2026-10-03",,"other","985b55fd7309f7193bfb4f7fdce6f131bf74547e43075e469c59926d1e6144d3"
"547","1","2026-10-03 11:58:19.994+00","2026-10-03",,"other","985b55fd7309f7193bfb4f7fdce6f131bf74547e43075e469c59926d1e6144d3"
"548","1","2026-10-03 11:58:19.994+00","2026-10-03",,"other","985b55fd7309f7193bfb4f7fdce6f131bf74547e43075e469c59926d1e6144d3"
"549","1","2026-10-03 11:58:19.994+00","2026-10-03",,"other","985b55fd7309f7193bfb4f7fdce6f131bf74547e43075e469c59926d1e6144d3"
"550","1","2026-10-03 11:58:19.994+00","2026-10-03",,"other","985b55fd7309f7193bfb4f7fdce6f131bf74547e43075e469c59926d1e6144d3"
"551","1","2026-10-03 11:58:19.994+00","2026-10-03",,"other","985b55fd7309f7193bfb4f7fdce6f131bf74547e43075e469c59926d1e6144d3"
"552","1","2026-10-03 11:58:19.994+00","2026-10-03",,"other","985b55fd7309f7193bfb4f7fdce6f131bf74547e43075e469c59926d1e6144d3"
"553","1","2026-10-03 11:58:19.994+00","2026-10-03",,"other","985b55fd7309f7193bfb4f7fdce6f131bf74547e43075e469c59926d1e6144d3"
"554","1","2026-10-03 11:58:19.994+00","2026-10-03",,"other","985b55fd7309f7193bfb4f7fdce6f131bf74547e43075e469c59926d1e6144d3"
"555","1","2026-10-03 11:58:19.994+00","2026-10-03",,"other","985b55fd7309f7193bfb4f7fdce6f131bf74547e43075e469c59926d1e6144d3"
"556","1","2026-10-03 11:58:19.994+00","2026-10-03",,"other","985b55fd7309f7193bfb4f7fdce6f131bf74547e43075e469c59926d1e6144d3"
"557","1","2026-10-03 11:58:19.994+00","2026-10-03",,"other","985b55fd7309f7193bfb4f7fdce6f131bf74547e43075e469c59926d1e6144d3"
"558","1","2026-10-03 11:58:19.994+00","2026-10-03",,"other","985b55fd7309f7193bfb4f7fdce6f131bf74547e43075e469c59926d1e6144d3"
"559","1","2026-10-03 11:58:19.994+00","2026-10-03",,"other","985b55fd7309f7193bfb4f7fdce6f131bf74547e43075e469c59926d1e6144d3"
"560","1","2026-10-03 11:58:19.994+00","2026-10-03",,"other","985b55fd7309f7193bfb4f7fdce6f131bf74547e43075e469c59926d1e6144d3"
"561","1","2026-10-03 11:58:19.994+00","2026-10-03",,"other","985b55fd7309f7193bfb4f7fdce6f131bf74547e43075e469c59926d1e6144d3"
"562","1","2026-10-03 11:58:19.994+00","2026-10-03",,"other","985b55fd7309f7193bfb4f7fdce6f131bf74547e43075e469c59926d1e6144d3"
"563","1","2026-10-03 11:58:19.994+00","2026-10-03",,"other","985b55fd7309f7193bfb4f7fdce6f131bf74547e43075e469c59926d1e6144d3"
"564","1","2026-10-03 11:58:19.994+00","2026-10-03",,"other","985b55fd7309f7193bfb4f7fdce6f131bf74547e43075e469c59926d1e6144d3"
"565","1","2026-10-03 11:58:19.994+00","2026-10-03",,"other","985b55fd7309f7193bfb4f7fdce6f131bf74547e43075e469c59926d1e6144d3"
"566","1","2026-10-03 11:58:19.994+00","2026-10-03",,"other","985b55fd7309f7193bfb4f7fdce6f131bf74547e43075e469c59926d1e6144d3"
"567","1","2026-10-03 11:58:19.994+00","2026-10-03",,"other","985b55fd7309f7193bfb4f7fdce6f131bf74547e43075e469c59926d1e6144d3"
"568","1","2026-10-03 11:58:19.994+00","2026-10-03",,"other","985b55fd7309f7193bfb4f7fdce6f131bf74547e43075e469c59926d1e6144d3"
"569","1","2026-10-03 11:58:19.994+00","2026-10-03",,"other","985b55fd7309f7193bfb4f7fdce6f131bf74547e43075e469c59926d1e6144d3"
"570","1","2026-10-03 11:58:19.994+00","2026-10-03",,"other","985b55fd7309f7193bfb4f7fdce6f131bf74547e43075e469c59926d1e6144d3"
"571","1","2026-10-03 11:58:19.994+00","2026-10-03",,"other","985b55fd7309f7193bfb4f7fdce6f131bf74547e43075e469c59926d1e6144d3"
"572","1","2026-10-03 11:58:19.994+00","2026-10-03",,"other","985b55fd7309f7193bfb4f7fdce6f131bf74547e43075e469c59926d1e6144d3"
"573","1","2026-10-03 11:58:19.994+00","2026-10-03",,"other","985b55fd7309f7193bfb4f7fdce6f131bf74547e43075e469c59926d1e6144d3"
"574","1","2026-10-03 11:58:19.994+00","2026-10-03",,"other","985b55fd7309f7193bfb4f7fdce6f131bf74547e43075e469c59926d1e6144d3"
"575","1","2026-10-03 11:58:19.994+00","2026-10-03",,"other","985b55fd7309f7193bfb4f7fdce6f131bf74547e43075e469c59926d1e6144d3"
"576","1","2026-10-03 11:58:19.994+00","2026-10-03",,"other","985b55fd7309f7193bfb4f7fdce6f131bf74547e43075e469c59926d1e6144d3"
"577","1","2026-10-03 11:58:19.994+00","2026-10-03",,"other","985b55fd7309f7193bfb4f7fdce6f131bf74547e43075e469c59926d1e6144d3"
"578","1","2026-10-03 11:58:19.994+00","2026-10-03",,"other","985b55fd7309f7193bfb4f7fdce6f131bf74547e43075e469c59926d1e6144d3"
"579","1","2026-10-03 11:58:19.994+00","2026-10-03",,"other","985b55fd7309f7193bfb4f7fdce6f131bf74547e43075e469c59926d1e6144d3"
"580","1","2026-10-03 11:58:19.994+00","2026-10-03",,"other","985b55fd7309f7193bfb4f7fdce6f131bf74547e43075e469c59926d1e6144d3"
"581","1","2026-10-03 11:58:19.994+00","2026-10-03",,"other","985b55fd7309f7193bfb4f7fdce6f131bf74547e43075e469c59926d1e6144d3"
"582","1","2026-10-03 11:58:19.994+00","2026-10-03",,"other","985b55fd7309f7193bfb4f7fdce6f131bf74547e43075e469c59926d1e6144d3"
"583","1","2026-10-03 11:58:19.994+00","2026-10-03",,"other","985b55fd7309f7193bfb4f7fdce6f131bf74547e43075e469c59926d1e6144d3"
"584","1","2026-10-03 11:58:19.994+00","2026-10-03",,"other","985b55fd7309f7193bfb4f7fdce6f131bf74547e43075e469c59926d1e6144d3"
"585","1","2026-10-03 11:58:19.994+00","2026-10-03",,"other","985b55fd7309f7193bfb4f7fdce6f131bf74547e43075e469c59926d1e6144d3"
"586","1","2026-10-03 11:58:19.994+00","2026-10-03",,"other","985b55fd7309f7193bfb4f7fdce6f131bf74547e43075e469c59926d1e6144d3"
"587","1","2026-10-03 11:58:19.994+00","2026-10-03",,"other","985b55fd7309f7193bfb4f7fdce6f131bf74547e43075e469c59926d1e6144d3"
"588","1","2026-10-03 11:58:19.994+00","2026-10-03",,"other","985b55fd7309f7193bfb4f7fdce6f131bf74547e43075e469c59926d1e6144d3"
"589","1","2026-10-03 11:58:19.994+00","2026-10-03",,"other","985b55fd7309f7193bfb4f7fdce6f131bf74547e43075e469c59926d1e6144d3"
"590","1","2026-10-03 11:58:19.994+00","2026-10-03",,"other","985b55fd7309f7193bfb4f7fdce6f131bf74547e43075e469c59926d1e6144d3"
"591","1","2026-10-03 11:58:19.994+00","2026-10-03",,"other","985b55fd7309f7193bfb4f7fdce6f131bf74547e43075e469c59926d1e6144d3"
"592","1","2026-10-03 11:58:19.994+00","2026-10-03",,"other","985b55fd7309f7193bfb4f7fdce6f131bf74547e43075e469c59926d1e6144d3"
"593","1","2026-10-03 11:58:19.994+00","2026-10-03",,"other","985b55fd7309f7193bfb4f7fdce6f131bf74547e43075e469c59926d1e6144d3"
"594","1","2026-10-03 11:58:19.994+00","2026-10-03",,"other","985b55fd7309f7193bfb4f7fdce6f131bf74547e43075e469c59926d1e6144d3"
"595","1","2026-10-03 11:58:19.994+00","2026-10-03",,"other","985b55fd7309f7193bfb4f7fdce6f131bf74547e43075e469c59926d1e6144d3"
"596","1","2026-10-03 11:58:19.994+00","2026-10-03",,"other","985b55fd7309f7193bfb4f7fdce6f131bf74547e43075e469c59926d1e6144d3"
"597","1","2026-10-03 11:58:19.994+00","2026-10-03",,"other","985b55fd7309f7193bfb4f7fdce6f131bf74547e43075e469c59926d1e6144d3"
"598","1","2026-10-03 11:58:19.994+00","2026-10-03",,"other","985b55fd7309f7193bfb4f7fdce6f131bf74547e43075e469c59926d1e6144d3"
"599","1","2026-10-03 11:58:19.994+00","2026-10-03",,"other","985b55fd7309f7193bfb4f7fdce6f131bf74547e43075e469c59926d1e6144d3"
"600","1","2026-10-03 11:58:19.994+00","2026-10-03",,"other","985b55fd7309f7193bfb4f7fdce6f131bf74547e43075e469c59926d1e6144d3"
"601","1","2026-10-03 11:59:22.244+00","2026-10-03",,"other","985b55fd7309f7193bfb4f7fdce6f131bf74547e43075e469c59926d1e6144d3"
"602","1","2026-10-03 12:00:22.244+00","2026-10-03",,"other","985b55fd7309f7193bfb4f7fdce6f131bf74547e43075e469c59926d1e6144d3"
"603","1","2026-10-03 12:00:22.244+00","2026-10-03",,"other","985b55fd7309f7193bfb4f7fdce6f131bf74547e43075e469c59926d1e6144d3"
"604","1","2026-10-03 12:00:22.244+00","2026-10-03",,"other","985b55fd7309f7193bfb4f7fdce6f131bf74547e43075e469c59926d1e6144d3"
"605","1","2026-10-03 12:00:22.244+00","2026-10-03",,"other","985b55fd7309f7193bfb4f7fdce6f131bf74547e43075e469c59926d1e6144d3"
"606","1","2026-10-03 12:00:22.244+00","2026-10-03",,"other","985b55fd7309f7193bfb4f7fdce6f131bf74547e43075e469c59926d1e6144d3"
"607","1","2026-10-03 12:00:22.244+00","2026-10-03",,"other","985b55fd7309f7193bfb4f7fdce6f131bf74547e43075e469c59926d1e6144d3"
"608","1","2026-10-03 12:00:22.244+00","2026-10-03",,"other","985b55fd7309f7193bfb4f7fdce6f131bf74547e43075e469c59926d1e6144d3"
"609","1","2026-10-03 12:00:22.244+00","2026-10-03",,"other","985b55fd7309f7193bfb4f7fdce6f131bf74547e43075e469c59926d1e6144d3"
"610","1","2026-10-03 12:00:22.244+00","2026-10-03",,"other","985b55fd7309f7193bfb4f7fdce6f131bf74547e43075e469c59926d1e6144d3"
"611","1","2026-10-03 12:00:22.244+00","2026-10-03",,"other","985b55fd7309f7193bfb4f7fdce6f131bf74547e43075e469c59926d1e6144d3"
"612","1","2026-10-03 12:00:22.244+00","2026-10-03",,"other","985b55fd7309f7193bfb4f7fdce6f131bf74547e43075e469c59926d1e6144d3"
"613","1","2026-10-03 12:00:22.244+00","2026-10-03",,"other","985b55fd7309f7193bfb4f7fdce6f131bf74547e43075e469c59926d1e6144d3"
"614","1","2026-10-03 12:00:22.244+00","2026-10-03",,"other","985b55fd7309f7193bfb4f7fdce6f131bf74547e43075e469c59926d1e6144d3"
"615","1","2026-10-03 12:00:22.244+00","2026-10-03",,"other","985b55fd7309f7193bfb4f7fdce6f131bf74547e43075e469c59926d1e6144d3"
"616","1","2026-10-03 12:00:22.244+00","2026-10-03",,"other","985b55fd7309f7193bfb4f7fdce6f131bf74547e43075e469c59926d1e6144d3"
"617","1","2026-10-03 12:00:22.244+00","2026-10-03",,"other","985b55fd7309f7193bfb4f7fdce6f131bf74547e43075e469c59926d1e6144d3"
"618","1","2026-10-03 12:00:22.244+00","2026-10-03",,"other","985b55fd7309f7193bfb4f7fdce6f131bf74547e43075e469c59926d1e6144d3"
"619","1","2026-10-03 12:00:22.244+00","2026-10-03",,"other","985b55fd7309f7193bfb4f7fdce6f131bf74547e43075e469c59926d1e6144d3"
"620","1","2026-10-03 12:00:22.244+00","2026-10-03",,"other","985b55fd7309f7193bfb4f7fdce6f131bf74547e43075e469c59926d1e6144d3"
"621","1","2026-10-03 12:00:22.244+00","2026-10-03",,"other","985b55fd7309f7193bfb4f7fdce6f131bf74547e43075e469c59926d1e6144d3"
"622","1","2026-10-03 12:00:22.244+00","2026-10-03",,"other","985b55fd7309f7193bfb4f7fdce6f131bf74547e43075e469c59926d1e6144d3"
"623","1","2026-10-03 12:00:22.244+00","2026-10-03",,"other","985b55fd7309f7193bfb4f7fdce6f131bf74547e43075e469c59926d1e6144d3"
"624","1","2026-10-03 12:00:22.244+00","2026-10-03",,"other","985b55fd7309f7193bfb4f7fdce6f131bf74547e43075e469c59926d1e6144d3"
"625","1","2026-10-03 12:00:22.244+00","2026-10-03",,"other","985b55fd7309f7193bfb4f7fdce6f131bf74547e43075e469c59926d1e6144d3"
"626","1","2026-10-03 12:00:22.244+00","2026-10-03",,"other","985b55fd7309f7193bfb4f7fdce6f131bf74547e43075e469c59926d1e6144d3"
"627","1","2026-10-03 12:00:22.244+00","2026-10-03",,"other","985b55fd7309f7193bfb4f7fdce6f131bf74547e43075e469c59926d1e6144d3"
"628","1","2026-10-03 12:00:22.244+00","2026-10-03",,"other","985b55fd7309f7193bfb4f7fdce6f131bf74547e43075e469c59926d1e6144d3"
"629","1","2026-10-03 12:00:22.244+00","2026-10-03",,"other","985b55fd7309f7193bfb4f7fdce6f131bf74547e43075e469c59926d1e6144d3"
"630","1","2026-10-03 12:00:22.244+00","2026-10-03",,"other","985b55fd7309f7193bfb4f7fdce6f131bf74547e43075e469c59926d1e6144d3"
"631","1","2026-10-03 12:00:22.244+00","2026-10-03",,"other","985b55fd7309f7193bfb4f7fdce6f131bf74547e43075e469c59926d1e6144d3"
"632","1","2026-10-03 12:00:22.244+00","2026-10-03",,"other","985b55fd7309f7193bfb4f7fdce6f131bf74547e43075e469c59926d1e6144d3"
"633","1","2026-10-03 12:00:22.244+00","2026-10-03",,"other","985b55fd7309f7193bfb4f7fdce6f131bf74547e43075e469c59926d1e6144d3"
"634","1","2026-10-03 12:00:22.244+00","2026-10-03",,"other","985b55fd7309f7193bfb4f7fdce6f131bf74547e43075e469c59926d1e6144d3"
"635","1","2026-10-03 12:00:22.244+00","2026-10-03",,"other","985b55fd7309f7193bfb4f7fdce6f131bf74547e43075e469c59926d1e6144d3"
"636","1","2026-10-03 12:00:22.244+00","2026-10-03",,"other","985b55fd7309f7193bfb4f7fdce6f131bf74547e43075e469c59926d1e6144d3"
"637","1","2026-10-03 12:00:22.244+00","2026-10-03",,"other","985b55fd7309f7193bfb4f7fdce6f131bf74547e43075e469c59926d1e6144d3"
"638","1","2026-10-03 12:00:22.244+00","2026-10-03",,"other","985b55fd7309f7193bfb4f7fdce6f131bf74547e43075e469c59926d1e6144d3"
"639","1","2026-10-03 12:00:22.244+00","2026-10-03",,"other","985b55fd7309f7193bfb4f7fdce6f131bf74547e43075e469c59926d1e6144d3"
"640","1","2026-10-03 12:00:22.244+00","2026-10-03",,"other","985b55fd7309f7193bfb4f7fdce6f131bf74547e43075e469c59926d1e6144d3"
"641","1","2026-10-03 12:00:22.244+00","2026-10-03",,"other","985b55fd7309f7193bfb4f7fdce6f131bf74547e43075e469c59926d1e6144d3"
"642","1","2026-10-03 12:00:22.244+00","2026-10-03",,"other","985b55fd7309f7193bfb4f7fdce6f131bf74547e43075e469c59926d1e6144d3"
"643","1","2026-10-03 12:00:22.244+00","2026-10-03",,"other","985b55fd7309f7193bfb4f7fdce6f131bf74547e43075e469c59926d1e6144d3"
"644","1","2026-10-03 12:00:22.244+00","2026-10-03",,"other","985b55fd7309f7193bfb4f7fdce6f131bf74547e43075e469c59926d1e6144d3"
"645","1","2026-10-03 12:00:22.244+00","2026-10-03",,"other","985b55fd7309f7193bfb4f7fdce6f131bf74547e43075e469c59926d1e6144d3"
"646","1","2026-10-03 12:00:22.244+00","2026-10-03",,"other","985b55fd7309f7193bfb4f7fdce6f131bf74547e43075e469c59926d1e6144d3"
"647","1","2026-10-03 12:00:22.244+00","2026-10-03",,"other","985b55fd7309f7193bfb4f7fdce6f131bf74547e43075e469c59926d1e6144d3"
"648","1","2026-10-03 12:00:22.244+00","2026-10-03",,"other","985b55fd7309f7193bfb4f7fdce6f131bf74547e43075e469c59926d1e6144d3"
"649","1","2026-10-03 12:00:22.244+00","2026-10-03",,"other","985b55fd7309f7193bfb4f7fdce6f131bf74547e43075e469c59926d1e6144d3"
"650","1","2026-10-03 12:00:22.244+00","2026-10-03",,"other","985b55fd7309f7193bfb4f7fdce6f131bf74547e43075e469c59926d1e6144d3"
"651","1","2026-10-03 12:00:22.244+00","2026-10-03",,"other","985b55fd7309f7193bfb4f7fdce6f131bf74547e43075e469c59926d1e6144d3"
"652","1","2026-10-03 12:00:22.244+00","2026-10-03",,"other","985b55fd7309f7193bfb4f7fdce6f131bf74547e43075e469c59926d1e6144d3"
"653","1","2026-10-03 12:00:22.244+00","2026-10-03",,"other","985b55fd7309f7193bfb4f7fdce6f131bf74547e43075e469c59926d1e6144d3"
"654","1","2026-10-03 12:00:22.244+00","2026-10-03",,"other","985b55fd7309f7193bfb4f7fdce6f131bf74547e43075e469c59926d1e6144d3"
"655","1","2026-10-03 12:00:22.244+00","2026-10-03",,"other","985b55fd7309f7193bfb4f7fdce6f131bf74547e43075e469c59926d1e6144d3"
"656","1","2026-10-03 12:00:22.244+00","2026-10-03",,"other","985b55fd7309f7193bfb4f7fdce6f131bf74547e43075e469c59926d1e6144d3"
"657","1","2026-10-03 12:00:22.244+00","2026-10-03",,"other","985b55fd7309f7193bfb4f7fdce6f131bf74547e43075e469c59926d1e6144d3"
"658","1","2026-10-03 12:00:22.244+00","2026-10-03",,"other","985b55fd7309f7193bfb4f7fdce6f131bf74547e43075e469c59926d1e6144d3"
"659","1","2026-10-03 12:00:22.244+00","2026-10-03",,"other","985b55fd7309f7193bfb4f7fdce6f131bf74547e43075e469c59926d1e6144d3"
"660","1","2026-10-03 12:00:22.244+00","2026-10-03",,"other","985b55fd7309f7193bfb4f7fdce6f131bf74547e43075e469c59926d1e6144d3"
"661","1","2026-10-03 12:00:22.244+00","2026-10-03",,"other","985b55fd7309f7193bfb4f7fdce6f131bf74547e43075e469c59926d1e6144d3"
"662","1","2026-10-03 12:00:22.244+00","2026-10-03",,"other","985b55fd7309f7193bfb4f7fdce6f131bf74547e43075e469c59926d1e6144d3"
"663","1","2026-10-03 12:00:22.244+00","2026-10-03",,"other","985b55fd7309f7193bfb4f7fdce6f131bf74547e43075e469c59926d1e6144d3"
"664","1","2026-10-03 12:00:22.244+00","2026-10-03",,"other","985b55fd7309f7193bfb4f7fdce6f131bf74547e43075e469c59926d1e6144d3"
"665","1","2026-10-03 12:00:22.244+00","2026-10-03",,"other","985b55fd7309f7193bfb4f7fdce6f131bf74547e43075e469c59926d1e6144d3"
"666","1","2026-10-03 12:00:22.244+00","2026-10-03",,"other","985b55fd7309f7193bfb4f7fdce6f131bf74547e43075e469c59926d1e6144d3"
"667","1","2026-10-03 12:00:22.244+00","2026-10-03",,"other","985b55fd7309f7193bfb4f7fdce6f131bf74547e43075e469c59926d1e6144d3"
"668","1","2026-10-03 12:00:22.244+00","2026-10-03",,"other","985b55fd7309f7193bfb4f7fdce6f131bf74547e43075e469c59926d1e6144d3"
"669","1","2026-10-03 12:00:22.244+00","2026-10-03",,"other","985b55fd7309f7193bfb4f7fdce6f131bf74547e43075e469c59926d1e6144d3"
"670","1","2026-10-03 12:00:22.244+00","2026-10-03",,"other","985b55fd7309f7193bfb4f7fdce6f131bf74547e43075e469c59926d1e6144d3"
"671","1","2026-10-03 12:00:22.244+00","2026-10-03",,"other","985b55fd7309f7193bfb4f7fdce6f131bf74547e43075e469c59926d1e6144d3"
"672","1","2026-10-03 12:00:22.244+00","2026-10-03",,"other","985b55fd7309f7193bfb4f7fdce6f131bf74547e43075e469c59926d1e6144d3"
"673","1","2026-10-03 12:00:22.244+00","2026-10-03",,"other","985b55fd7309f7193bfb4f7fdce6f131bf74547e43075e469c59926d1e6144d3"
"674","1","2026-10-03 12:00:22.244+00","2026-10-03",,"other","985b55fd7309f7193bfb4f7fdce6f131bf74547e43075e469c59926d1e6144d3"
"675","1","2026-10-03 12:00:22.244+00","2026-10-03",,"other","985b55fd7309f7193bfb4f7fdce6f131bf74547e43075e469c59926d1e6144d3"
"676","1","2026-10-03 12:00:22.244+00","2026-10-03",,"other","985b55fd7309f7193bfb4f7fdce6f131bf74547e43075e469c59926d1e6144d3"
"677","1","2026-10-03 12:00:22.244+00","2026-10-03",,"other","985b55fd7309f7193bfb4f7fdce6f131bf74547e43075e469c59926d1e6144d3"
"678","1","2026-10-03 12:00:22.244+00","2026-10-03",,"other","985b55fd7309f7193bfb4f7fdce6f131bf74547e43075e469c59926d1e6144d3"
"679","1","2026-10-03 12:00:22.244+00","2026-10-03",,"other","985b55fd7309f7193bfb4f7fdce6f131bf74547e43075e469c59926d1e6144d3"
"680","1","2026-10-03 12:00:22.244+00","2026-10-03",,"other","985b55fd7309f7193bfb4f7fdce6f131bf74547e43075e469c59926d1e6144d3"
"681","1","2026-10-03 12:00:22.244+00","2026-10-03",,"other","985b55fd7309f7193bfb4f7fdce6f131bf74547e43075e469c59926d1e6144d3"
"682","1","2026-10-03 12:00:22.244+00","2026-10-03",,"other","985b55fd7309f7193bfb4f7fdce6f131bf74547e43075e469c59926d1e6144d3"
"683","1","2026-10-03 12:00:22.244+00","2026-10-03",,"other","985b55fd7309f7193bfb4f7fdce6f131bf74547e43075e469c59926d1e6144d3"
"684","1","2026-10-03 12:00:22.244+00","2026-10-03",,"other","985b55fd7309f7193bfb4f7fdce6f131bf74547e43075e469c59926d1e6144d3"
"685","1","2026-10-03 12:00:22.244+00","2026-10-03",,"other","985b55fd7309f7193bfb4f7fdce6f131bf74547e43075e469c59926d1e6144d3"
"686","1","2026-10-03 12:00:22.244+00","2026-10-03",,"other","985b55fd7309f7193bfb4f7fdce6f131bf74547e43075e469c59926d1e6144d3"
"687","1","2026-10-03 12:00:22.244+00","2026-10-03",,"other","985b55fd7309f7193bfb4f7fdce6f131bf74547e43075e469c59926d1e6144d3"
"688","1","2026-10-03 12:00:22.244+00","2026-10-03",,"other","985b55fd7309f7193bfb4f7fdce6f131bf74547e43075e469c59926d1e6144d3"
"689","1","2026-10-03 12:00:22.244+00","2026-10-03",,"other","985b55fd7309f7193bfb4f7fdce6f131bf74547e43075e469c59926d1e6144d3"
"690","1","2026-10-03 12:00:22.244+00","2026-10-03",,"other","985b55fd7309f7193bfb4f7fdce6f131bf74547e43075e469c59926d1e6144d3"
"691","1","2026-10-03 12:00:22.244+00","2026-10-03",,"other","985b55fd7309f7193bfb4f7fdce6f131bf74547e43075e469c59926d1e6144d3"
"692","1","2026-10-03 12:00:22.244+00","2026-10-03",,"other","985b55fd7309f7193bfb4f7fdce6f131bf74547e43075e469c59926d1e6144d3"
"693","1","2026-10-03 12:00:22.244+00","2026-10-03",,"other","985b55fd7309f7193bfb4f7fdce6f131bf74547e43075e469c59926d1e6144d3"
"694","1","2026-10-03 12:00:22.244+00","2026-10-03",,"other","985b55fd7309f7193bfb4f7fdce6f131bf74547e43075e469c59926d1e6144d3"
"695","1","2026-10-03 12:00:22.244+00","2026-10-03",,"other","985b55fd7309f7193bfb4f7fdce6f131bf74547e43075e469c59926d1e6144d3"
"696","1","2026-10-03 12:00:22.244+00","2026-10-03",,"other","985b55fd7309f7193bfb4f7fdce6f131bf74547e43075e469c59926d1e6144d3"
"697","1","2026-10-03 12:00:22.244+00","2026-10-03",,"other","985b55fd7309f7193bfb4f7fdce6f131bf74547e43075e469c59926d1e6144d3"
"698","1","2026-10-03 12:00:22.244+00","2026-10-03",,"other","985b55fd7309f7193bfb4f7fdce6f131bf74547e43075e469c59926d1e6144d3"
"699","1","2026-10-03 12:00:22.244+00","2026-10-03",,"other","985b55fd7309f7193bfb4f7fdce6f131bf74547e43075e469c59926d1e6144d3"
"700","1","2026-10-03 12:00:22.244+00","2026-10-03",,"other","985b55fd7309f7193bfb4f7fdce6f131bf74547e43075e469c59926d1e6144d3"
"701","1","2026-10-03 12:00:22.244+00","2026-10-03",,"other","985b55fd7309f7193bfb4f7fdce6f131bf74547e43075e469c59926d1e6144d3"
"702","1","2026-10-03 12:00:22.244+00","2026-10-03",,"other","985b55fd7309f7193bfb4f7fdce6f131bf74547e43075e469c59926d1e6144d3"
"703","1","2026-10-03 12:00:22.244+00","2026-10-03",,"other","985b55fd7309f7193bfb4f7fdce6f131bf74547e43075e469c59926d1e6144d3"
"704","1","2026-10-03 12:00:22.244+00","2026-10-03",,"other","985b55fd7309f7193bfb4f7fdce6f131bf74547e43075e469c59926d1e6144d3"
"705","1","2026-10-03 12:00:22.244+00","2026-10-03",,"other","985b55fd7309f7193bfb4f7fdce6f131bf74547e43075e469c59926d1e6144d3"
"706","1","2026-10-03 12:00:22.244+00","2026-10-03",,"other","985b55fd7309f7193bfb4f7fdce6f131bf74547e43075e469c59926d1e6144d3"
"707","1","2026-10-03 12:00:22.244+00","2026-10-03",,"other","985b55fd7309f7193bfb4f7fdce6f131bf74547e43075e469c59926d1e6144d3"
"708","1","2026-10-03 12:00:22.244+00","2026-10-03",,"other","985b55fd7309f7193bfb4f7fdce6f131bf74547e43075e469c59926d1e6144d3"
"709","1","2026-10-03 12:00:22.244+00","2026-10-03",,"other","985b55fd7309f7193bfb4f7fdce6f131bf74547e43075e469c59926d1e6144d3"
"710","1","2026-10-03 12:00:22.244+00","2026-10-03",,"other","985b55fd7309f7193bfb4f7fdce6f131bf74547e43075e469c59926d1e6144d3"
"711","1","2026-10-03 12:00:22.244+00","2026-10-03",,"other","985b55fd7309f7193bfb4f7fdce6f131bf74547e43075e469c59926d1e6144d3"
"712","1","2026-10-03 12:00:22.244+00","2026-10-03",,"other","985b55fd7309f7193bfb4f7fdce6f131bf74547e43075e469c59926d1e6144d3"
"713","1","2026-10-03 12:00:22.244+00","2026-10-03",,"other","985b55fd7309f7193bfb4f7fdce6f131bf74547e43075e469c59926d1e6144d3"
"714","1","2026-10-03 12:00:22.244+00","2026-10-03",,"other","985b55fd7309f7193bfb4f7fdce6f131bf74547e43075e469c59926d1e6144d3"
"715","1","2026-10-03 12:00:22.244+00","2026-10-03",,"other","985b55fd7309f7193bfb4f7fdce6f131bf74547e43075e469c59926d1e6144d3"
"716","1","2026-10-03 12:00:22.244+00","2026-10-03",,"other","985b55fd7309f7193bfb4f7fdce6f131bf74547e43075e469c59926d1e6144d3"
"717","1","2026-10-03 12:00:22.244+00","2026-10-03",,"other","985b55fd7309f7193bfb4f7fdce6f131bf74547e43075e469c59926d1e6144d3"
"718","1","2026-10-03 12:00:22.244+00","2026-10-03",,"other","985b55fd7309f7193bfb4f7fdce6f131bf74547e43075e469c59926d1e6144d3"
"719","1","2026-10-03 12:00:22.244+00","2026-10-03",,"other","985b55fd7309f7193bfb4f7fdce6f131bf74547e43075e469c59926d1e6144d3"
"720","1","2026-10-03 12:00:22.244+00","2026-10-03",,"other","985b55fd7309f7193bfb4f7fdce6f131bf74547e43075e469c59926d1e6144d3"
"721","1","2026-10-03 12:00:22.244+00","2026-10-03",,"other","985b55fd7309f7193bfb4f7fdce6f131bf74547e43075e469c59926d1e6144d3"
"722","1","2026-10-03 12:00:22.244+00","2026-10-03",,"other","985b55fd7309f7193bfb4f7fdce6f131bf74547e43075e469c59926d1e6144d3"
"723","1","2026-10-03 12:00:22.244+00","2026-10-03",,"other","985b55fd7309f7193bfb4f7fdce6f131bf74547e43075e469c59926d1e6144d3"
"724","1","2026-10-03 12:00:22.244+00","2026-10-03",,"other","985b55fd7309f7193bfb4f7fdce6f131bf74547e43075e469c59926d1e6144d3"
"725","1","2026-10-03 12:00:22.244+00","2026-10-03",,"other","985b55fd7309f7193bfb4f7fdce6f131bf74547e43075e469c59926d1e6144d3"
"726","1","2026-10-03 12:00:22.244+00","2026-10-03",,"other","985b55fd7309f7193bfb4f7fdce6f131bf74547e43075e469c59926d1e6144d3"
"727","1","2026-10-03 12:00:22.244+00","2026-10-03",,"other","985b55fd7309f7193bfb4f7fdce6f131bf74547e43075e469c59926d1e6144d3"
"728","1","2026-10-03 12:00:22.244+00","2026-10-03",,"other","985b55fd7309f7193bfb4f7fdce6f131bf74547e43075e469c59926d1e6144d3"
"729","1","2026-10-03 12:00:22.244+00","2026-10-03",,"other","985b55fd7309f7193bfb4f7fdce6f131bf74547e43075e469c59926d1e6144d3"
"730","1","2026-10-03 12:00:22.244+00","2026-10-03",,"other","985b55fd7309f7193bfb4f7fdce6f131bf74547e43075e469c59926d1e6144d3"
"731","1","2026-10-03 12:00:22.244+00","2026-10-03",,"other","985b55fd7309f7193bfb4f7fdce6f131bf74547e43075e469c59926d1e6144d3"
"732","1","2026-10-03 12:00:22.244+00","2026-10-03",,"other","985b55fd7309f7193bfb4f7fdce6f131bf74547e43075e469c59926d1e6144d3"
"733","1","2026-10-03 12:00:22.244+00","2026-10-03",,"other","985b55fd7309f7193bfb4f7fdce6f131bf74547e43075e469c59926d1e6144d3"
"734","1","2026-10-03 12:00:22.244+00","2026-10-03",,"other","985b55fd7309f7193bfb4f7fdce6f131bf74547e43075e469c59926d1e6144d3"
"735","1","2026-10-03 12:00:22.244+00","2026-10-03",,"other","985b55fd7309f7193bfb4f7fdce6f131bf74547e43075e469c59926d1e6144d3"
"736","1","2026-10-03 12:00:22.244+00","2026-10-03",,"other","985b55fd7309f7193bfb4f7fdce6f131bf74547e43075e469c59926d1e6144d3"
"737","1","2026-10-03 12:00:22.244+00","2026-10-03",,"other","985b55fd7309f7193bfb4f7fdce6f131bf74547e43075e469c59926d1e6144d3"
"738","1","2026-10-03 12:00:22.244+00","2026-10-03",,"other","985b55fd7309f7193bfb4f7fdce6f131bf74547e43075e469c59926d1e6144d3"
"739","1","2026-10-03 12:00:22.244+00","2026-10-03",,"other","985b55fd7309f7193bfb4f7fdce6f131bf74547e43075e469c59926d1e6144d3"
"740","1","2026-10-03 12:00:22.244+00","2026-10-03",,"other","985b55fd7309f7193bfb4f7fdce6f131bf74547e43075e469c59926d1e6144d3"
"741","1","2026-10-03 12:00:22.244+00","2026-10-03",,"other","985b55fd7309f7193bfb4f7fdce6f131bf74547e43075e469c59926d1e6144d3"
"742","1","2026-10-03 12:00:22.244+00","2026-10-03",,"other","985b55fd7309f7193bfb4f7fdce6f131bf74547e43075e469c59926d1e6144d3"
"743","1","2026-10-03 12:00:22.244+00","2026-10-03",,"other","985b55fd7309f7193bfb4f7fdce6f131bf74547e43075e469c59926d1e6144d3"
"744","1","2026-10-03 12:00:22.244+00","2026-10-03",,"other","985b55fd7309f7193bfb4f7fdce6f131bf74547e43075e469c59926d1e6144d3"
"745","1","2026-10-03 12:00:22.244+00","2026-10-03",,"other","985b55fd7309f7193bfb4f7fdce6f131bf74547e43075e469c59926d1e6144d3"
"746","1","2026-10-03 12:00:22.244+00","2026-10-03",,"other","985b55fd7309f7193bfb4f7fdce6f131bf74547e43075e469c59926d1e6144d3"
"747","1","2026-10-03 12:00:22.244+00","2026-10-03",,"other","985b55fd7309f7193bfb4f7fdce6f131bf74547e43075e469c59926d1e6144d3"
"748","1","2026-10-03 12:00:22.244+00","2026-10-03",,"other","985b55fd7309f7193bfb4f7fdce6f131bf74547e43075e469c59926d1e6144d3"
"749","1","2026-10-03 12:00:22.244+00","2026-10-03",,"other","985b55fd7309f7193bfb4f7fdce6f131bf74547e43075e469c59926d1e6144d3"
"750","1","2026-10-03 12:00:22.244+00","2026-10-03",,"other","985b55fd7309f7193bfb4f7fdce6f131bf74547e43075e469c59926d1e6144d3"
"751","1","2026-10-03 12:00:22.244+00","2026-10-03",,"other","985b55fd7309f7193bfb4f7fdce6f131bf74547e43075e469c59926d1e6144d3"
"752","1","2026-10-03 12:00:22.244+00","2026-10-03",,"other","985b55fd7309f7193bfb4f7fdce6f131bf74547e43075e469c59926d1e6144d3"
"753","1","2026-10-03 12:00:22.244+00","2026-10-03",,"other","985b55fd7309f7193bfb4f7fdce6f131bf74547e43075e469c59926d1e6144d3"
"754","1","2026-10-03 12:00:22.244+00","2026-10-03",,"other","985b55fd7309f7193bfb4f7fdce6f131bf74547e43075e469c59926d1e6144d3"
"755","1","2026-10-03 12:00:22.244+00","2026-10-03",,"other","985b55fd7309f7193bfb4f7fdce6f131bf74547e43075e469c59926d1e6144d3"
"756","1","2026-10-03 12:00:22.244+00","2026-10-03",,"other","985b55fd7309f7193bfb4f7fdce6f131bf74547e43075e469c59926d1e6144d3"
"757","1","2026-10-03 12:00:22.244+00","2026-10-03",,"other","985b55fd7309f7193bfb4f7fdce6f131bf74547e43075e469c59926d1e6144d3"
"758","1","2026-10-03 12:00:22.244+00","2026-10-03",,"other","985b55fd7309f7193bfb4f7fdce6f131bf74547e43075e469c59926d1e6144d3"
"759","1","2026-10-03 12:00:22.244+00","2026-10-03",,"other","985b55fd7309f7193bfb4f7fdce6f131bf74547e43075e469c59926d1e6144d3"
"760","1","2026-10-03 12:00:22.244+00","2026-10-03",,"other","985b55fd7309f7193bfb4f7fdce6f131bf74547e43075e469c59926d1e6144d3"
"761","1","2026-10-03 12:00:22.244+00","2026-10-03",,"other","985b55fd7309f7193bfb4f7fdce6f131bf74547e43075e469c59926d1e6144d3"
"762","1","2026-10-03 12:00:22.244+00","2026-10-03",,"other","985b55fd7309f7193bfb4f7fdce6f131bf74547e43075e469c59926d1e6144d3"
"763","1","2026-10-03 12:00:22.244+00","2026-10-03",,"other","985b55fd7309f7193bfb4f7fdce6f131bf74547e43075e469c59926d1e6144d3"
"764","1","2026-10-03 12:00:22.244+00","2026-10-03",,"other","985b55fd7309f7193bfb4f7fdce6f131bf74547e43075e469c59926d1e6144d3"
"765","1","2026-10-03 12:00:22.244+00","2026-10-03",,"other","985b55fd7309f7193bfb4f7fdce6f131bf74547e43075e469c59926d1e6144d3"
"766","1","2026-10-03 12:00:22.244+00","2026-10-03",,"other","985b55fd7309f7193bfb4f7fdce6f131bf74547e43075e469c59926d1e6144d3"
"767","1","2026-10-03 12:00:22.244+00","2026-10-03",,"other","985b55fd7309f7193bfb4f7fdce6f131bf74547e43075e469c59926d1e6144d3"
"768","1","2026-10-03 12:00:22.244+00","2026-10-03",,"other","985b55fd7309f7193bfb4f7fdce6f131bf74547e43075e469c59926d1e6144d3"
"769","1","2026-10-03 12:00:22.244+00","2026-10-03",,"other","985b55fd7309f7193bfb4f7fdce6f131bf74547e43075e469c59926d1e6144d3"
"770","1","2026-10-03 12:00:22.244+00","2026-10-03",,"other","985b55fd7309f7193bfb4f7fdce6f131bf74547e43075e469c59926d1e6144d3"
"771","1","2026-10-03 12:00:22.244+00","2026-10-03",,"other","985b55fd7309f7193bfb4f7fdce6f131bf74547e43075e469c59926d1e6144d3"
"772","1","2026-10-03 12:00:22.244+00","2026-10-03",,"other","985b55fd7309f7193bfb4f7fdce6f131bf74547e43075e469c59926d1e6144d3"
"773","1","2026-10-03 12:00:22.244+00","2026-10-03",,"other","985b55fd7309f7193bfb4f7fdce6f131bf74547e43075e469c59926d1e6144d3"
"774","1","2026-10-03 12:00:22.244+00","2026-10-03",,"other","985b55fd7309f7193bfb4f7fdce6f131bf74547e43075e469c59926d1e6144d3"
"775","1","2026-10-03 12:00:22.244+00","2026-10-03",,"other","985b55fd7309f7193bfb4f7fdce6f131bf74547e43075e469c59926d1e6144d3"
"776","1","2026-10-03 12:00:22.244+00","2026-10-03",,"other","985b55fd7309f7193bfb4f7fdce6f131bf74547e43075e469c59926d1e6144d3"
"777","1","2026-10-03 12:00:22.244+00","2026-10-03",,"other","985b55fd7309f7193bfb4f7fdce6f131bf74547e43075e469c59926d1e6144d3"
"778","1","2026-10-03 12:00:22.244+00","2026-10-03",,"other","985b55fd7309f7193bfb4f7fdce6f131bf74547e43075e469c59926d1e6144d3"
"779","1","2026-10-03 12:00:22.244+00","2026-10-03",,"other","985b55fd7309f7193bfb4f7fdce6f131bf74547e43075e469c59926d1e6144d3"
"780","1","2026-10-03 12:00:22.244+00","2026-10-03",,"other","985b55fd7309f7193bfb4f7fdce6f131bf74547e43075e469c59926d1e6144d3"
"781","1","2026-10-03 12:00:22.244+00","2026-10-03",,"other","985b55fd7309f7193bfb4f7fdce6f131bf74547e43075e469c59926d1e6144d3"
"782","1","2026-10-03 12:00:22.244+00","2026-10-03",,"other","985b55fd7309f7193bfb4f7fdce6f131bf74547e43075e469c59926d1e6144d3"
"783","1","2026-10-03 12:00:22.244+00","2026-10-03",,"other","985b55fd7309f7193bfb4f7fdce6f131bf74547e43075e469c59926d1e6144d3"
"784","1","2026-10-03 12:00:22.244+00","2026-10-03",,"other","985b55fd7309f7193bfb4f7fdce6f131bf74547e43075e469c59926d1e6144d3"
"785","1","2026-10-03 12:00:22.244+00","2026-10-03",,"other","985b55fd7309f7193bfb4f7fdce6f131bf74547e43075e469c59926d1e6144d3"
"786","1","2026-10-03 12:00:22.244+00","2026-10-03",,"other","985b55fd7309f7193bfb4f7fdce6f131bf74547e43075e469c59926d1e6144d3"
"787","1","2026-10-03 12:00:22.244+00","2026-10-03",,"other","985b55fd7309f7193bfb4f7fdce6f131bf74547e43075e469c59926d1e6144d3"
"788","1","2026-10-03 12:00:22.244+00","2026-10-03",,"other","985b55fd7309f7193bfb4f7fdce6f131bf74547e43075e469c59926d1e6144d3"
"789","1","2026-10-03 12:00:22.244+00","2026-10-03",,"other","985b55fd7309f7193bfb4f7fdce6f131bf74547e43075e469c59926d1e6144d3"
"790","1","2026-10-03 12:00:22.244+00","2026-10-03",,"other","985b55fd7309f7193bfb4f7fdce6f131bf74547e43075e469c59926d1e6144d3"
"791","1","2026-10-03 12:00:22.244+00","2026-10-03",,"other","985b55fd7309f7193bfb4f7fdce6f131bf74547e43075e469c59926d1e6144d3"
"792","1","2026-10-03 12:00:22.244+00","2026-10-03",,"other","985b55fd7309f7193bfb4f7fdce6f131bf74547e43075e469c59926d1e6144d3"
"793","1","2026-10-03 12:00:22.244+00","2026-10-03",,"other","985b55fd7309f7193bfb4f7fdce6f131bf74547e43075e469c59926d1e6144d3"
"794","1","2026-10-03 12:00:22.244+00","2026-10-03",,"other","985b55fd7309f7193bfb4f7fdce6f131bf74547e43075e469c59926d1e6144d3"
"795","1","2026-10-03 12:00:22.244+00","2026-10-03",,"other","985b55fd7309f7193bfb4f7fdce6f131bf74547e43075e469c59926d1e6144d3"
"796","1","2026-10-03 12:00:22.244+00","2026-10-03",,"other","985b55fd7309f7193bfb4f7fdce6f131bf74547e43075e469c59926d1e6144d3"
"797","1","2026-10-03 12:00:22.244+00","2026-10-03",,"other","985b55fd7309f7193bfb4f7fdce6f131bf74547e43075e469c59926d1e6144d3"
"798","1","2026-10-03 12:00:22.244+00","2026-10-03",,"other","985b55fd7309f7193bfb4f7fdce6f131bf74547e43075e469c59926d1e6144d3"
"799","1","2026-10-03 12:00:22.244+00","2026-10-03",,"other","985b55fd7309f7193bfb4f7fdce6f131bf74547e43075e469c59926d1e6144d3"
"800","1","2026-10-03 12:00:22.244+00","2026-10-03",,"other","985b55fd7309f7193bfb4f7fdce6f131bf74547e43075e469c59926d1e6144d3"
"801","1","2026-10-03 12:00:22.244+00","2026-10-03",,"other","985b55fd7309f7193bfb4f7fdce6f131bf74547e43075e469c59926d1e6144d3"
"802","1","2026-10-03 12:00:22.244+00","2026-10-03",,"other","985b55fd7309f7193bfb4f7fdce6f131bf74547e43075e469c59926d1e6144d3"
"803","1","2026-10-03 12:00:22.244+00","2026-10-03",,"other","985b55fd7309f7193bfb4f7fdce6f131bf74547e43075e469c59926d1e6144d3"
"804","1","2026-10-03 12:00:22.244+00","2026-10-03",,"other","985b55fd7309f7193bfb4f7fdce6f131bf74547e43075e469c59926d1e6144d3"
"805","1","2026-10-03 12:00:22.244+00","2026-10-03",,"other","985b55fd7309f7193bfb4f7fdce6f131bf74547e43075e469c59926d1e6144d3"
"806","1","2026-10-03 12:00:22.244+00","2026-10-03",,"other","985b55fd7309f7193bfb4f7fdce6f131bf74547e43075e469c59926d1e6144d3"
"807","1","2026-10-03 12:00:22.244+00","2026-10-03",,"other","985b55fd7309f7193bfb4f7fdce6f131bf74547e43075e469c59926d1e6144d3"
"808","1","2026-10-03 12:00:22.244+00","2026-10-03",,"other","985b55fd7309f7193bfb4f7fdce6f131bf74547e43075e469c59926d1e6144d3"
"809","1","2026-10-03 12:00:22.244+00","2026-10-03",,"other","985b55fd7309f7193bfb4f7fdce6f131bf74547e43075e469c59926d1e6144d3"
"810","1","2026-10-03 12:00:22.244+00","2026-10-03",,"other","985b55fd7309f7193bfb4f7fdce6f131bf74547e43075e469c59926d1e6144d3"
"811","1","2026-10-03 12:00:22.244+00","2026-10-03",,"other","985b55fd7309f7193bfb4f7fdce6f131bf74547e43075e469c59926d1e6144d3"
"812","1","2026-10-03 12:00:22.244+00","2026-10-03",,"other","985b55fd7309f7193bfb4f7fdce6f131bf74547e43075e469c59926d1e6144d3"
"813","1","2026-10-03 12:00:22.244+00","2026-10-03",,"other","985b55fd7309f7193bfb4f7fdce6f131bf74547e43075e469c59926d1e6144d3"
"814","1","2026-10-03 12:00:22.244+00","2026-10-03",,"other","985b55fd7309f7193bfb4f7fdce6f131bf74547e43075e469c59926d1e6144d3"
"815","1","2026-10-03 12:00:22.244+00","2026-10-03",,"other","985b55fd7309f7193bfb4f7fdce6f131bf74547e43075e469c59926d1e6144d3"
"816","1","2026-10-03 12:00:22.244+00","2026-10-03",,"other","985b55fd7309f7193bfb4f7fdce6f131bf74547e43075e469c59926d1e6144d3"
"817","1","2026-10-03 12:00:22.244+00","2026-10-03",,"other","985b55fd7309f7193bfb4f7fdce6f131bf74547e43075e469c59926d1e6144d3"
"818","1","2026-10-03 12:00:22.244+00","2026-10-03",,"other","985b55fd7309f7193bfb4f7fdce6f131bf74547e43075e469c59926d1e6144d3"
"819","1","2026-10-03 12:00:22.244+00","2026-10-03",,"other","985b55fd7309f7193bfb4f7fdce6f131bf74547e43075e469c59926d1e6144d3"
"820","1","2026-10-03 12:00:22.244+00","2026-10-03",,"other","985b55fd7309f7193bfb4f7fdce6f131bf74547e43075e469c59926d1e6144d3"
"821","1","2026-10-03 12:00:22.244+00","2026-10-03",,"other","985b55fd7309f7193bfb4f7fdce6f131bf74547e43075e469c59926d1e6144d3"
"822","1","2026-10-03 12:00:22.244+00","2026-10-03",,"other","985b55fd7309f7193bfb4f7fdce6f131bf74547e43075e469c59926d1e6144d3"
"823","1","2026-10-03 12:00:22.244+00","2026-10-03",,"other","985b55fd7309f7193bfb4f7fdce6f131bf74547e43075e469c59926d1e6144d3"
"824","1","2026-10-03 12:00:22.244+00","2026-10-03",,"other","985b55fd7309f7193bfb4f7fdce6f131bf74547e43075e469c59926d1e6144d3"
"825","1","2026-10-03 12:00:22.244+00","2026-10-03",,"other","985b55fd7309f7193bfb4f7fdce6f131bf74547e43075e469c59926d1e6144d3"
"826","1","2026-10-03 12:00:22.244+00","2026-10-03",,"other","985b55fd7309f7193bfb4f7fdce6f131bf74547e43075e469c59926d1e6144d3"
"827","1","2026-10-03 12:00:22.244+00","2026-10-03",,"other","985b55fd7309f7193bfb4f7fdce6f131bf74547e43075e469c59926d1e6144d3"
"828","1","2026-10-03 12:00:22.244+00","2026-10-03",,"other","985b55fd7309f7193bfb4f7fdce6f131bf74547e43075e469c59926d1e6144d3"
"829","1","2026-10-03 12:00:22.244+00","2026-10-03",,"other","985b55fd7309f7193bfb4f7fdce6f131bf74547e43075e469c59926d1e6144d3"
"830","1","2026-10-03 12:00:22.244+00","2026-10-03",,"other","985b55fd7309f7193bfb4f7fdce6f131bf74547e43075e469c59926d1e6144d3"
"831","1","2026-10-03 12:00:22.244+00","2026-10-03",,"other","985b55fd7309f7193bfb4f7fdce6f131bf74547e43075e469c59926d1e6144d3"
"832","1","2026-10-03 12:00:22.244+00","2026-10-03",,"other","985b55fd7309f7193bfb4f7fdce6f131bf74547e43075e469c59926d1e6144d3"
"833","1","2026-10-03 12:00:22.244+00","2026-10-03",,"other","985b55fd7309f7193bfb4f7fdce6f131bf74547e43075e469c59926d1e6144d3"
"834","1","2026-10-03 12:00:22.244+00","2026-10-03",,"other","985b55fd7309f7193bfb4f7fdce6f131bf74547e43075e469c59926d1e6144d3"
"835","1","2026-10-03 12:00:22.244+00","2026-10-03",,"other","985b55fd7309f7193bfb4f7fdce6f131bf74547e43075e469c59926d1e6144d3"
"836","1","2026-10-03 12:00:22.244+00","2026-10-03",,"other","985b55fd7309f7193bfb4f7fdce6f131bf74547e43075e469c59926d1e6144d3"
"837","1","2026-10-03 12:00:22.244+00","2026-10-03",,"other","985b55fd7309f7193bfb4f7fdce6f131bf74547e43075e469c59926d1e6144d3"
"838","1","2026-10-03 12:00:22.244+00","2026-10-03",,"other","985b55fd7309f7193bfb4f7fdce6f131bf74547e43075e469c59926d1e6144d3"
"839","1","2026-10-03 12:00:22.244+00","2026-10-03",,"other","985b55fd7309f7193bfb4f7fdce6f131bf74547e43075e469c59926d1e6144d3"
"840","1","2026-10-03 12:00:22.244+00","2026-10-03",,"other","985b55fd7309f7193bfb4f7fdce6f131bf74547e43075e469c59926d1e6144d3"
"841","1","2026-10-03 12:00:22.244+00","2026-10-03",,"other","985b55fd7309f7193bfb4f7fdce6f131bf74547e43075e469c59926d1e6144d3"
"842","1","2026-10-03 12:00:22.244+00","2026-10-03",,"other","985b55fd7309f7193bfb4f7fdce6f131bf74547e43075e469c59926d1e6144d3"
"843","1","2026-10-03 12:00:22.244+00","2026-10-03",,"other","985b55fd7309f7193bfb4f7fdce6f131bf74547e43075e469c59926d1e6144d3"
"844","1","2026-10-03 12:00:22.244+00","2026-10-03",,"other","985b55fd7309f7193bfb4f7fdce6f131bf74547e43075e469c59926d1e6144d3"
"845","1","2026-10-03 12:00:22.244+00","2026-10-03",,"other","985b55fd7309f7193bfb4f7fdce6f131bf74547e43075e469c59926d1e6144d3"
"846","1","2026-10-03 12:00:22.244+00","2026-10-03",,"other","985b55fd7309f7193bfb4f7fdce6f131bf74547e43075e469c59926d1e6144d3"
"847","1","2026-10-03 12:00:22.244+00","2026-10-03",,"other","985b55fd7309f7193bfb4f7fdce6f131bf74547e43075e469c59926d1e6144d3"
"848","1","2026-10-03 12:00:22.244+00","2026-10-03",,"other","985b55fd7309f7193bfb4f7fdce6f131bf74547e43075e469c59926d1e6144d3"
"849","1","2026-10-03 12:00:22.244+00","2026-10-03",,"other","985b55fd7309f7193bfb4f7fdce6f131bf74547e43075e469c59926d1e6144d3"
"850","1","2026-10-03 12:00:22.244+00","2026-10-03",,"other","985b55fd7309f7193bfb4f7fdce6f131bf74547e43075e469c59926d1e6144d3"
"851","1","2026-10-03 12:00:22.244+00","2026-10-03",,"other","985b55fd7309f7193bfb4f7fdce6f131bf74547e43075e469c59926d1e6144d3"
"852","1","2026-10-03 12:00:22.244+00","2026-10-03",,"other","985b55fd7309f7193bfb4f7fdce6f131bf74547e43075e469c59926d1e6144d3"
"853","1","2026-10-03 12:00:22.244+00","2026-10-03",,"other","985b55fd7309f7193bfb4f7fdce6f131bf74547e43075e469c59926d1e6144d3"
"854","1","2026-10-03 12:00:22.244+00","2026-10-03",,"other","985b55fd7309f7193bfb4f7fdce6f131bf74547e43075e469c59926d1e6144d3"
"855","1","2026-10-03 12:00:22.244+00","2026-10-03",,"other","985b55fd7309f7193bfb4f7fdce6f131bf74547e43075e469c59926d1e6144d3"
"856","1","2026-10-03 12:00:22.244+00","2026-10-03",,"other","985b55fd7309f7193bfb4f7fdce6f131bf74547e43075e469c59926d1e6144d3"
"857","1","2026-10-03 12:00:22.244+00","2026-10-03",,"other","985b55fd7309f7193bfb4f7fdce6f131bf74547e43075e469c59926d1e6144d3"
"858","1","2026-10-03 12:00:22.244+00","2026-10-03",,"other","985b55fd7309f7193bfb4f7fdce6f131bf74547e43075e469c59926d1e6144d3"
"859","1","2026-10-03 12:00:22.244+00","2026-10-03",,"other","985b55fd7309f7193bfb4f7fdce6f131bf74547e43075e469c59926d1e6144d3"
"860","1","2026-10-03 12:00:22.244+00","2026-10-03",,"other","985b55fd7309f7193bfb4f7fdce6f131bf74547e43075e469c59926d1e6144d3"
"861","1","2026-10-03 12:00:22.244+00","2026-10-03",,"other","985b55fd7309f7193bfb4f7fdce6f131bf74547e43075e469c59926d1e6144d3"
"862","1","2026-10-03 12:00:22.244+00","2026-10-03",,"other","985b55fd7309f7193bfb4f7fdce6f131bf74547e43075e469c59926d1e6144d3"
"863","1","2026-10-03 12:00:22.244+00","2026-10-03",,"other","985b55fd7309f7193bfb4f7fdce6f131bf74547e43075e469c59926d1e6144d3"
"864","1","2026-10-03 12:00:22.244+00","2026-10-03",,"other","985b55fd7309f7193bfb4f7fdce6f131bf74547e43075e469c59926d1e6144d3"
"865","1","2026-10-03 12:00:22.244+00","2026-10-03",,"other","985b55fd7309f7193bfb4f7fdce6f131bf74547e43075e469c59926d1e6144d3"
"866","1","2026-10-03 12:00:22.244+00","2026-10-03",,"other","985b55fd7309f7193bfb4f7fdce6f131bf74547e43075e469c59926d1e6144d3"
"867","1","2026-10-03 12:00:22.244+00","2026-10-03",,"other","985b55fd7309f7193bfb4f7fdce6f131bf74547e43075e469c59926d1e6144d3"
"868","1","2026-10-03 12:00:22.244+00","2026-10-03",,"other","985b55fd7309f7193bfb4f7fdce6f131bf74547e43075e469c59926d1e6144d3"
"869","1","2026-10-03 12:00:22.244+00","2026-10-03",,"other","985b55fd7309f7193bfb4f7fdce6f131bf74547e43075e469c59926d1e6144d3"
"870","1","2026-10-03 12:00:22.244+00","2026-10-03",,"other","985b55fd7309f7193bfb4f7fdce6f131bf74547e43075e469c59926d1e6144d3"
"871","1","2026-10-03 12:00:22.244+00","2026-10-03",,"other","985b55fd7309f7193bfb4f7fdce6f131bf74547e43075e469c59926d1e6144d3"
"872","1","2026-10-03 12:00:22.244+00","2026-10-03",,"other","985b55fd7309f7193bfb4f7fdce6f131bf74547e43075e469c59926d1e6144d3"
"873","1","2026-10-03 12:00:22.244+00","2026-10-03",,"other","985b55fd7309f7193bfb4f7fdce6f131bf74547e43075e469c59926d1e6144d3"
"874","1","2026-10-03 12:00:22.244+00","2026-10-03",,"other","985b55fd7309f7193bfb4f7fdce6f131bf74547e43075e469c59926d1e6144d3"
"875","1","2026-10-03 12:00:22.244+00","2026-10-03",,"other","985b55fd7309f7193bfb4f7fdce6f131bf74547e43075e469c59926d1e6144d3"
"876","1","2026-10-03 12:00:22.244+00","2026-10-03",,"other","985b55fd7309f7193bfb4f7fdce6f131bf74547e43075e469c59926d1e6144d3"
"877","1","2026-10-03 12:00:22.244+00","2026-10-03",,"other","985b55fd7309f7193bfb4f7fdce6f131bf74547e43075e469c59926d1e6144d3"
"878","1","2026-10-03 12:00:22.244+00","2026-10-03",,"other","985b55fd7309f7193bfb4f7fdce6f131bf74547e43075e469c59926d1e6144d3"
"879","1","2026-10-03 12:00:22.244+00","2026-10-03",,"other","985b55fd7309f7193bfb4f7fdce6f131bf74547e43075e469c59926d1e6144d3"
"880","1","2026-10-03 12:00:22.244+00","2026-10-03",,"other","985b55fd7309f7193bfb4f7fdce6f131bf74547e43075e469c59926d1e6144d3"
"881","1","2026-10-03 12:00:22.244+00","2026-10-03",,"other","985b55fd7309f7193bfb4f7fdce6f131bf74547e43075e469c59926d1e6144d3"
"882","1","2026-10-03 12:00:22.244+00","2026-10-03",,"other","985b55fd7309f7193bfb4f7fdce6f131bf74547e43075e469c59926d1e6144d3"
"883","1","2026-10-03 12:00:22.244+00","2026-10-03",,"other","985b55fd7309f7193bfb4f7fdce6f131bf74547e43075e469c59926d1e6144d3"
"884","1","2026-10-03 12:00:22.244+00","2026-10-03",,"other","985b55fd7309f7193bfb4f7fdce6f131bf74547e43075e469c59926d1e6144d3"
"885","1","2026-10-03 12:00:22.244+00","2026-10-03",,"other","985b55fd7309f7193bfb4f7fdce6f131bf74547e43075e469c59926d1e6144d3"
"886","1","2026-10-03 12:00:22.244+00","2026-10-03",,"other","985b55fd7309f7193bfb4f7fdce6f131bf74547e43075e469c59926d1e6144d3"
"887","1","2026-10-03 12:00:22.244+00","2026-10-03",,"other","985b55fd7309f7193bfb4f7fdce6f131bf74547e43075e469c59926d1e6144d3"
"888","1","2026-10-03 12:00:22.244+00","2026-10-03",,"other","985b55fd7309f7193bfb4f7fdce6f131bf74547e43075e469c59926d1e6144d3"
"889","1","2026-10-03 12:00:22.244+00","2026-10-03",,"other","985b55fd7309f7193bfb4f7fdce6f131bf74547e43075e469c59926d1e6144d3"
"890","1","2026-10-03 12:00:22.244+00","2026-10-03",,"other","985b55fd7309f7193bfb4f7fdce6f131bf74547e43075e469c59926d1e6144d3"
"891","1","2026-10-03 12:00:22.244+00","2026-10-03",,"other","985b55fd7309f7193bfb4f7fdce6f131bf74547e43075e469c59926d1e6144d3"
"892","1","2026-10-03 12:00:22.244+00","2026-10-03",,"other","985b55fd7309f7193bfb4f7fdce6f131bf74547e43075e469c59926d1e6144d3"
"893","1","2026-10-03 12:00:22.244+00","2026-10-03",,"other","985b55fd7309f7193bfb4f7fdce6f131bf74547e43075e469c59926d1e6144d3"
"894","1","2026-10-03 12:00:22.244+00","2026-10-03",,"other","985b55fd7309f7193bfb4f7fdce6f131bf74547e43075e469c59926d1e6144d3"
"895","1","2026-10-03 12:00:22.244+00","2026-10-03",,"other","985b55fd7309f7193bfb4f7fdce6f131bf74547e43075e469c59926d1e6144d3"
"896","1","2026-10-03 12:00:22.244+00","2026-10-03",,"other","985b55fd7309f7193bfb4f7fdce6f131bf74547e43075e469c59926d1e6144d3"
"897","1","2026-10-03 12:00:22.244+00","2026-10-03",,"other","985b55fd7309f7193bfb4f7fdce6f131bf74547e43075e469c59926d1e6144d3"
"898","1","2026-10-03 12:00:22.244+00","2026-10-03",,"other","985b55fd7309f7193bfb4f7fdce6f131bf74547e43075e469c59926d1e6144d3"
"899","1","2026-10-03 12:00:22.244+00","2026-10-03",,"other","985b55fd7309f7193bfb4f7fdce6f131bf74547e43075e469c59926d1e6144d3"
"900","1","2026-10-03 12:00:22.244+00","2026-10-03",,"other","985b55fd7309f7193bfb4f7fdce6f131bf74547e43075e469c59926d1e6144d3"
"901","1","2026-10-03 12:00:22.244+00","2026-10-03",,"other","985b55fd7309f7193bfb4f7fdce6f131bf74547e43075e469c59926d1e6144d3"
"902","1","2026-10-03 12:00:22.244+00","2026-10-03",,"other","985b55fd7309f7193bfb4f7fdce6f131bf74547e43075e469c59926d1e6144d3"
"903","1","2026-10-03 12:00:22.244+00","2026-10-03",,"other","985b55fd7309f7193bfb4f7fdce6f131bf74547e43075e469c59926d1e6144d3"
"904","1","2026-10-03 12:00:22.244+00","2026-10-03",,"other","985b55fd7309f7193bfb4f7fdce6f131bf74547e43075e469c59926d1e6144d3"
"905","1","2026-10-03 12:00:22.244+00","2026-10-03",,"other","985b55fd7309f7193bfb4f7fdce6f131bf74547e43075e469c59926d1e6144d3"
"906","1","2026-10-03 12:00:22.244+00","2026-10-03",,"other","985b55fd7309f7193bfb4f7fdce6f131bf74547e43075e469c59926d1e6144d3"
"907","1","2026-10-03 12:00:22.244+00","2026-10-03",,"other","985b55fd7309f7193bfb4f7fdce6f131bf74547e43075e469c59926d1e6144d3"
"908","1","2026-10-03 12:00:22.244+00","2026-10-03",,"other","985b55fd7309f7193bfb4f7fdce6f131bf74547e43075e469c59926d1e6144d3"
"909","1","2026-10-03 12:00:22.244+00","2026-10-03",,"other","985b55fd7309f7193bfb4f7fdce6f131bf74547e43075e469c59926d1e6144d3"
"910","1","2026-10-03 12:00:22.244+00","2026-10-03",,"other","985b55fd7309f7193bfb4f7fdce6f131bf74547e43075e469c59926d1e6144d3"
"911","1","2026-10-03 12:00:22.244+00","2026-10-03",,"other","985b55fd7309f7193bfb4f7fdce6f131bf74547e43075e469c59926d1e6144d3"
"912","1","2026-10-03 12:00:22.244+00","2026-10-03",,"other","985b55fd7309f7193bfb4f7fdce6f131bf74547e43075e469c59926d1e6144d3"
"913","1","2026-10-03 12:00:22.244+00","2026-10-03",,"other","985b55fd7309f7193bfb4f7fdce6f131bf74547e43075e469c59926d1e6144d3"
"914","1","2026-10-03 12:00:22.244+00","2026-10-03",,"other","985b55fd7309f7193bfb4f7fdce6f131bf74547e43075e469c59926d1e6144d3"
"915","1","2026-10-03 12:00:22.244+00","2026-10-03",,"other","985b55fd7309f7193bfb4f7fdce6f131bf74547e43075e469c59926d1e6144d3"
"916","1","2026-10-03 12:00:22.244+00","2026-10-03",,"other","985b55fd7309f7193bfb4f7fdce6f131bf74547e43075e469c59926d1e6144d3"
"917","1","2026-10-03 12:00:22.244+00","2026-10-03",,"other","985b55fd7309f7193bfb4f7fdce6f131bf74547e43075e469c59926d1e6144d3"
"918","1","2026-10-03 12:00:22.244+00","2026-10-03",,"other","985b55fd7309f7193bfb4f7fdce6f131bf74547e43075e469c59926d1e6144d3"
"919","1","2026-10-03 12:00:22.244+00","2026-10-03",,"other","985b55fd7309f7193bfb4f7fdce6f131bf74547e43075e469c59926d1e6144d3"
"920","1","2026-10-03 12:00:22.244+00","2026-10-03",,"other","985b55fd7309f7193bfb4f7fdce6f131bf74547e43075e469c59926d1e6144d3"
"921","1","2026-10-03 12:00:22.244+00","2026-10-03",,"other","985b55fd7309f7193bfb4f7fdce6f131bf74547e43075e469c59926d1e6144d3"
"922","1","2026-10-03 12:00:22.244+00","2026-10-03",,"other","985b55fd7309f7193bfb4f7fdce6f131bf74547e43075e469c59926d1e6144d3"
"923","1","2026-10-03 12:00:22.244+00","2026-10-03",,"other","985b55fd7309f7193bfb4f7fdce6f131bf74547e43075e469c59926d1e6144d3"
"924","1","2026-10-03 12:00:22.244+00","2026-10-03",,"other","985b55fd7309f7193bfb4f7fdce6f131bf74547e43075e469c59926d1e6144d3"
"925","1","2026-10-03 12:00:22.244+00","2026-10-03",,"other","985b55fd7309f7193bfb4f7fdce6f131bf74547e43075e469c59926d1e6144d3"
"926","1","2026-10-03 12:00:22.244+00","2026-10-03",,"other","985b55fd7309f7193bfb4f7fdce6f131bf74547e43075e469c59926d1e6144d3"
"927","1","2026-10-03 12:00:22.244+00","2026-10-03",,"other","985b55fd7309f7193bfb4f7fdce6f131bf74547e43075e469c59926d1e6144d3"
"928","1","2026-10-03 12:00:22.244+00","2026-10-03",,"other","985b55fd7309f7193bfb4f7fdce6f131bf74547e43075e469c59926d1e6144d3"
"929","1","2026-10-03 12:00:22.244+00","2026-10-03",,"other","985b55fd7309f7193bfb4f7fdce6f131bf74547e43075e469c59926d1e6144d3"
"930","1","2026-10-03 12:00:22.244+00","2026-10-03",,"other","985b55fd7309f7193bfb4f7fdce6f131bf74547e43075e469c59926d1e6144d3"
"931","1","2026-10-03 12:00:22.244+00","2026-10-03",,"other","985b55fd7309f7193bfb4f7fdce6f131bf74547e43075e469c59926d1e6144d3"
"932","1","2026-10-03 12:00:22.244+00","2026-10-03",,"other","985b55fd7309f7193bfb4f7fdce6f131bf74547e43075e469c59926d1e6144d3"
"933","1","2026-10-03 12:00:22.244+00","2026-10-03",,"other","985b55fd7309f7193bfb4f7fdce6f131bf74547e43075e469c59926d1e6144d3"
"934","1","2026-10-03 12:00:22.244+00","2026-10-03",,"other","985b55fd7309f7193bfb4f7fdce6f131bf74547e43075e469c59926d1e6144d3"
"935","1","2026-10-03 12:00:22.244+00","2026-10-03",,"other","985b55fd7309f7193bfb4f7fdce6f131bf74547e43075e469c59926d1e6144d3"
"936","1","2026-10-03 12:00:22.244+00","2026-10-03",,"other","985b55fd7309f7193bfb4f7fdce6f131bf74547e43075e469c59926d1e6144d3"
"937","1","2026-10-03 12:00:22.244+00","2026-10-03",,"other","985b55fd7309f7193bfb4f7fdce6f131bf74547e43075e469c59926d1e6144d3"
"938","1","2026-10-03 12:00:22.244+00","2026-10-03",,"other","985b55fd7309f7193bfb4f7fdce6f131bf74547e43075e469c59926d1e6144d3"
"939","1","2026-10-03 12:00:22.244+00","2026-10-03",,"other","985b55fd7309f7193bfb4f7fdce6f131bf74547e43075e469c59926d1e6144d3"
"940","1","2026-10-03 12:00:22.244+00","2026-10-03",,"other","985b55fd7309f7193bfb4f7fdce6f131bf74547e43075e469c59926d1e6144d3"
"941","1","2026-10-03 12:00:22.244+00","2026-10-03",,"other","985b55fd7309f7193bfb4f7fdce6f131bf74547e43075e469c59926d1e6144d3"
"942","1","2026-10-03 12:00:22.244+00","2026-10-03",,"other","985b55fd7309f7193bfb4f7fdce6f131bf74547e43075e469c59926d1e6144d3"
"943","1","2026-10-03 12:00:22.244+00","2026-10-03",,"other","985b55fd7309f7193bfb4f7fdce6f131bf74547e43075e469c59926d1e6144d3"
"944","1","2026-10-03 12:00:22.244+00","2026-10-03",,"other","985b55fd7309f7193bfb4f7fdce6f131bf74547e43075e469c59926d1e6144d3"
"945","1","2026-10-03 12:00:22.244+00","2026-10-03",,"other","985b55fd7309f7193bfb4f7fdce6f131bf74547e43075e469c59926d1e6144d3"
"946","1","2026-10-03 12:00:22.244+00","2026-10-03",,"other","985b55fd7309f7193bfb4f7fdce6f131bf74547e43075e469c59926d1e6144d3"
"947","1","2026-10-03 12:00:22.244+00","2026-10-03",,"other","985b55fd7309f7193bfb4f7fdce6f131bf74547e43075e469c59926d1e6144d3"
"948","1","2026-10-03 12:00:22.244+00","2026-10-03",,"other","985b55fd7309f7193bfb4f7fdce6f131bf74547e43075e469c59926d1e6144d3"
"949","1","2026-10-03 12:00:22.244+00","2026-10-03",,"other","985b55fd7309f7193bfb4f7fdce6f131bf74547e43075e469c59926d1e6144d3"
"950","1","2026-10-03 12:00:22.244+00","2026-10-03",,"other","985b55fd7309f7193bfb4f7fdce6f131bf74547e43075e469c59926d1e6144d3"
"951","1","2026-10-03 12:00:22.244+00","2026-10-03",,"other","985b55fd7309f7193bfb4f7fdce6f131bf74547e43075e469c59926d1e6144d3"
"952","1","2026-10-03 12:00:22.244+00","2026-10-03",,"other","985b55fd7309f7193bfb4f7fdce6f131bf74547e43075e469c59926d1e6144d3"
"953","1","2026-10-03 12:00:22.244+00","2026-10-03",,"other","985b55fd7309f7193bfb4f7fdce6f131bf74547e43075e469c59926d1e6144d3"
"954","1","2026-10-03 12:00:22.244+00","2026-10-03",,"other","985b55fd7309f7193bfb4f7fdce6f131bf74547e43075e469c59926d1e6144d3"
"955","1","2026-10-03 12:00:22.244+00","2026-10-03",,"other","985b55fd7309f7193bfb4f7fdce6f131bf74547e43075e469c59926d1e6144d3"
"956","1","2026-10-03 12:00:22.244+00","2026-10-03",,"other","985b55fd7309f7193bfb4f7fdce6f131bf74547e43075e469c59926d1e6144d3"
"957","1","2026-10-03 12:00:22.244+00","2026-10-03",,"other","985b55fd7309f7193bfb4f7fdce6f131bf74547e43075e469c59926d1e6144d3"
"958","1","2026-10-03 12:00:22.244+00","2026-10-03",,"other","985b55fd7309f7193bfb4f7fdce6f131bf74547e43075e469c59926d1e6144d3"
"959","1","2026-10-03 12:00:22.244+00","2026-10-03",,"other","985b55fd7309f7193bfb4f7fdce6f131bf74547e43075e469c59926d1e6144d3"
"960","1","2026-10-03 12:00:22.244+00","2026-10-03",,"other","985b55fd7309f7193bfb4f7fdce6f131bf74547e43075e469c59926d1e6144d3"
"961","1","2026-10-03 12:00:22.244+00","2026-10-03",,"other","985b55fd7309f7193bfb4f7fdce6f131bf74547e43075e469c59926d1e6144d3"
"962","1","2026-10-03 12:00:22.244+00","2026-10-03",,"other","985b55fd7309f7193bfb4f7fdce6f131bf74547e43075e469c59926d1e6144d3"
"963","1","2026-10-03 12:00:22.244+00","2026-10-03",,"other","985b55fd7309f7193bfb4f7fdce6f131bf74547e43075e469c59926d1e6144d3"
"964","1","2026-10-03 12:00:22.244+00","2026-10-03",,"other","985b55fd7309f7193bfb4f7fdce6f131bf74547e43075e469c59926d1e6144d3"
"965","1","2026-10-03 12:00:22.244+00","2026-10-03",,"other","985b55fd7309f7193bfb4f7fdce6f131bf74547e43075e469c59926d1e6144d3"
"966","1","2026-10-03 12:00:22.244+00","2026-10-03",,"other","985b55fd7309f7193bfb4f7fdce6f131bf74547e43075e469c59926d1e6144d3"
"967","1","2026-10-03 12:00:22.244+00","2026-10-03",,"other","985b55fd7309f7193bfb4f7fdce6f131bf74547e43075e469c59926d1e6144d3"
"968","1","2026-10-03 12:00:22.244+00","2026-10-03",,"other","985b55fd7309f7193bfb4f7fdce6f131bf74547e43075e469c59926d1e6144d3"
"969","1","2026-10-03 12:00:22.244+00","2026-10-03",,"other","985b55fd7309f7193bfb4f7fdce6f131bf74547e43075e469c59926d1e6144d3"
"970","1","2026-10-03 12:00:22.244+00","2026-10-03",,"other","985b55fd7309f7193bfb4f7fdce6f131bf74547e43075e469c59926d1e6144d3"
"971","1","2026-10-03 12:00:22.244+00","2026-10-03",,"other","985b55fd7309f7193bfb4f7fdce6f131bf74547e43075e469c59926d1e6144d3"
"972","1","2026-10-03 12:00:22.244+00","2026-10-03",,"other","985b55fd7309f7193bfb4f7fdce6f131bf74547e43075e469c59926d1e6144d3"
"973","1","2026-10-03 12:00:22.244+00","2026-10-03",,"other","985b55fd7309f7193bfb4f7fdce6f131bf74547e43075e469c59926d1e6144d3"
"974","1","2026-10-03 12:00:22.244+00","2026-10-03",,"other","985b55fd7309f7193bfb4f7fdce6f131bf74547e43075e469c59926d1e6144d3"
"975","1","2026-10-03 12:00:22.244+00","2026-10-03",,"other","985b55fd7309f7193bfb4f7fdce6f131bf74547e43075e469c59926d1e6144d3"
"976","1","2026-10-03 12:00:22.244+00","2026-10-03",,"other","985b55fd7309f7193bfb4f7fdce6f131bf74547e43075e469c59926d1e6144d3"
"977","1","2026-10-03 12:00:22.244+00","2026-10-03",,"other","985b55fd7309f7193bfb4f7fdce6f131bf74547e43075e469c59926d1e6144d3"
"978","1","2026-10-03 12:00:22.244+00","2026-10-03",,"other","985b55fd7309f7193bfb4f7fdce6f131bf74547e43075e469c59926d1e6144d3"
"979","1","2026-10-03 12:00:22.244+00","2026-10-03",,"other","985b55fd7309f7193bfb4f7fdce6f131bf74547e43075e469c59926d1e6144d3"
"980","1","2026-10-03 12:00:22.244+00","2026-10-03",,"other","985b55fd7309f7193bfb4f7fdce6f131bf74547e43075e469c59926d1e6144d3"
"981","1","2026-10-03 12:00:22.244+00","2026-10-03",,"other","985b55fd7309f7193bfb4f7fdce6f131bf74547e43075e469c59926d1e6144d3"
"982","1","2026-10-03 12:00:22.244+00","2026-10-03",,"other","985b55fd7309f7193bfb4f7fdce6f131bf74547e43075e469c59926d1e6144d3"
"983","1","2026-10-03 12:00:22.244+00","2026-10-03",,"other","985b55fd7309f7193bfb4f7fdce6f131bf74547e43075e469c59926d1e6144d3"
"984","1","2026-10-03 12:00:22.244+00","2026-10-03",,"other","985b55fd7309f7193bfb4f7fdce6f131bf74547e43075e469c59926d1e6144d3"
"985","1","2026-10-03 12:00:22.244+00","2026-10-03",,"other","985b55fd7309f7193bfb4f7fdce6f131bf74547e43075e469c59926d1e6144d3"
"986","1","2026-10-03 12:00:22.244+00","2026-10-03",,"other","985b55fd7309f7193bfb4f7fdce6f131bf74547e43075e469c59926d1e6144d3"
"987","1","2026-10-03 12:00:22.244+00","2026-10-03",,"other","985b55fd7309f7193bfb4f7fdce6f131bf74547e43075e469c59926d1e6144d3"
"988","1","2026-10-03 12:00:22.244+00","2026-10-03",,"other","985b55fd7309f7193bfb4f7fdce6f131bf74547e43075e469c59926d1e6144d3"
"989","1","2026-10-03 12:00:22.244+00","2026-10-03",,"other","985b55fd7309f7193bfb4f7fdce6f131bf74547e43075e469c59926d1e6144d3"
"990","1","2026-10-03 12:00:22.244+00","2026-10-03",,"other","985b55fd7309f7193bfb4f7fdce6f131bf74547e43075e469c59926d1e6144d3"
"991","1","2026-10-03 12:00:22.244+00","2026-10-03",,"other","985b55fd7309f7193bfb4f7fdce6f131bf74547e43075e469c59926d1e6144d3"
"992","1","2026-10-03 12:00:22.244+00","2026-10-03",,"other","985b55fd7309f7193bfb4f7fdce6f131bf74547e43075e469c59926d1e6144d3"
"993","1","2026-10-03 12:00:22.244+00","2026-10-03",,"other","985b55fd7309f7193bfb4f7fdce6f131bf74547e43075e469c59926d1e6144d3"
"994","1","2026-10-03 12:00:22.244+00","2026-10-03",,"other","985b55fd7309f7193bfb4f7fdce6f131bf74547e43075e469c59926d1e6144d3"
"995","1","2026-10-03 12:00:22.244+00","2026-10-03",,"other","985b55fd7309f7193bfb4f7fdce6f131bf74547e43075e469c59926d1e6144d3"
"996","1","2026-10-03 12:00:22.244+00","2026-10-03",,"other","985b55fd7309f7193bfb4f7fdce6f131bf74547e43075e469c59926d1e6144d3"
"997","1","2026-10-03 12:00:22.244+00","2026-10-03",,"other","985b55fd7309f7193bfb4f7fdce6f131bf74547e43075e469c59926d1e6144d3"
"998","1","2026-10-03 12:00:22.244+00","2026-10-03",,"other","985b55fd7309f7193bfb4f7fdce6f131bf74547e43075e469c59926d1e6144d3"
"999","1","2026-10-03 12:00:22.244+00","2026-10-03",,"other","985b55fd7309f7193bfb4f7fdce6f131bf74547e43075e469c59926d1e6144d3"
"1000","1","2026-10-03 12:00:22.244+00","2026-10-03",,"other","985b55fd7309f7193bfb4f7fdce6f131bf74547e43075e469c59926d1e6144d3"
"1001","1","2026-10-03 12:00:22.244+00","2026-10-03",,"other","985b55fd7309f7193bfb4f7fdce6f131bf74547e43075e469c59926d1e6144d3"
"1002","1","2026-10-03 12:00:22.244+00","2026-10-03",,"other","985b55fd7309f7193bfb4f7fdce6f131bf74547e43075e469c59926d1e6144d3"
"1003","1","2026-10-03 12:00:22.244+00","2026-10-03",,"other","985b55fd7309f7193bfb4f7fdce6f131bf74547e43075e469c59926d1e6144d3"
"1004","1","2026-10-03 12:00:22.244+00","2026-10-03",,"other","985b55fd7309f7193bfb4f7fdce6f131bf74547e43075e469c59926d1e6144d3"
"1005","1","2026-10-03 12:00:22.244+00","2026-10-03",,"other","985b55fd7309f7193bfb4f7fdce6f131bf74547e43075e469c59926d1e6144d3"
"1006","1","2026-10-03 12:00:22.244+00","2026-10-03",,"other","985b55fd7309f7193bfb4f7fdce6f131bf74547e43075e469c59926d1e6144d3"
"1007","1","2026-10-03 12:00:22.244+00","2026-10-03",,"other","985b55fd7309f7193bfb4f7fdce6f131bf74547e43075e469c59926d1e6144d3"
"1008","1","2026-10-03 12:00:22.244+00","2026-10-03",,"other","985b55fd7309f7193bfb4f7fdce6f131bf74547e43075e469c59926d1e6144d3"
"1009","1","2026-10-03 12:00:22.244+00","2026-10-03",,"other","985b55fd7309f7193bfb4f7fdce6f131bf74547e43075e469c59926d1e6144d3"
"1010","1","2026-10-03 12:00:22.244+00","2026-10-03",,"other","985b55fd7309f7193bfb4f7fdce6f131bf74547e43075e469c59926d1e6144d3"
"1011","1","2026-10-03 12:00:22.244+00","2026-10-03",,"other","985b55fd7309f7193bfb4f7fdce6f131bf74547e43075e469c59926d1e6144d3"
"1012","1","2026-10-03 12:00:22.244+00","2026-10-03",,"other","985b55fd7309f7193bfb4f7fdce6f131bf74547e43075e469c59926d1e6144d3"
"1013","1","2026-10-03 12:00:22.244+00","2026-10-03",,"other","985b55fd7309f7193bfb4f7fdce6f131bf74547e43075e469c59926d1e6144d3"
"1014","1","2026-10-03 12:00:22.244+00","2026-10-03",,"other","985b55fd7309f7193bfb4f7fdce6f131bf74547e43075e469c59926d1e6144d3"
"1015","1","2026-10-03 12:00:22.244+00","2026-10-03",,"other","985b55fd7309f7193bfb4f7fdce6f131bf74547e43075e469c59926d1e6144d3"
"1016","1","2026-10-03 12:00:22.244+00","2026-10-03",,"other","985b55fd7309f7193bfb4f7fdce6f131bf74547e43075e469c59926d1e6144d3"
"1017","1","2026-10-03 12:00:22.244+00","2026-10-03",,"other","985b55fd7309f7193bfb4f7fdce6f131bf74547e43075e469c59926d1e6144d3"
"1018","1","2026-10-03 12:00:22.244+00","2026-10-03",,"other","985b55fd7309f7193bfb4f7fdce6f131bf74547e43075e469c59926d1e6144d3"
"1019","1","2026-10-03 12:00:22.244+00","2026-10-03",,"other","985b55fd7309f7193bfb4f7fdce6f131bf74547e43075e469c59926d1e6144d3"
"1020","1","2026-10-03 12:00:22.244+00","2026-10-03",,"other","985b55fd7309f7193bfb4f7fdce6f131bf74547e43075e469c59926d1e6144d3"
"1021","1","2026-10-03 12:00:22.244+00","2026-10-03",,"other","985b55fd7309f7193bfb4f7fdce6f131bf74547e43075e469c59926d1e6144d3"
"1022","1","2026-10-03 12:00:22.244+00","2026-10-03",,"other","985b55fd7309f7193bfb4f7fdce6f131bf74547e43075e469c59926d1e6144d3"
"1023","1","2026-10-03 12:00:22.244+00","2026-10-03",,"other","985b55fd7309f7193bfb4f7fdce6f131bf74547e43075e469c59926d1e6144d3"
"1024","1","2026-10-03 12:00:22.244+00","2026-10-03",,"other","985b55fd7309f7193bfb4f7fdce6f131bf74547e43075e469c59926d1e6144d3"
"1025","1","2026-10-03 12:00:22.244+00","2026-10-03",,"other","985b55fd7309f7193bfb4f7fdce6f131bf74547e43075e469c59926d1e6144d3"
"1026","1","2026-10-03 12:00:22.244+00","2026-10-03",,"other","985b55fd7309f7193bfb4f7fdce6f131bf74547e43075e469c59926d1e6144d3"
"1027","1","2026-10-03 12:00:22.244+00","2026-10-03",,"other","985b55fd7309f7193bfb4f7fdce6f131bf74547e43075e469c59926d1e6144d3"
"1028","1","2026-10-03 12:00:22.244+00","2026-10-03",,"other","985b55fd7309f7193bfb4f7fdce6f131bf74547e43075e469c59926d1e6144d3"
"1029","1","2026-10-03 12:00:22.244+00","2026-10-03",,"other","985b55fd7309f7193bfb4f7fdce6f131bf74547e43075e469c59926d1e6144d3"
"1030","1","2026-10-03 12:00:22.244+00","2026-10-03",,"other","985b55fd7309f7193bfb4f7fdce6f131bf74547e43075e469c59926d1e6144d3"
"1031","1","2026-10-03 12:00:22.244+00","2026-10-03",,"other","985b55fd7309f7193bfb4f7fdce6f131bf74547e43075e469c59926d1e6144d3"
"1032","1","2026-10-03 12:00:22.244+00","2026-10-03",,"other","985b55fd7309f7193bfb4f7fdce6f131bf74547e43075e469c59926d1e6144d3"
"1033","1","2026-10-03 12:00:22.244+00","2026-10-03",,"other","985b55fd7309f7193bfb4f7fdce6f131bf74547e43075e469c59926d1e6144d3"
"1034","1","2026-10-03 12:00:22.244+00","2026-10-03",,"other","985b55fd7309f7193bfb4f7fdce6f131bf74547e43075e469c59926d1e6144d3"
"1035","1","2026-10-03 12:00:22.244+00","2026-10-03",,"other","985b55fd7309f7193bfb4f7fdce6f131bf74547e43075e469c59926d1e6144d3"
"1036","1","2026-10-03 12:00:22.244+00","2026-10-03",,"other","985b55fd7309f7193bfb4f7fdce6f131bf74547e43075e469c59926d1e6144d3"
"1037","1","2026-10-03 12:00:22.244+00","2026-10-03",,"other","985b55fd7309f7193bfb4f7fdce6f131bf74547e43075e469c59926d1e6144d3"
"1038","1","2026-10-03 12:00:22.244+00","2026-10-03",,"other","985b55fd7309f7193bfb4f7fdce6f131bf74547e43075e469c59926d1e6144d3"
"1039","1","2026-10-03 12:00:22.244+00","2026-10-03",,"other","985b55fd7309f7193bfb4f7fdce6f131bf74547e43075e469c59926d1e6144d3"
"1040","1","2026-10-03 12:00:22.244+00","2026-10-03",,"other","985b55fd7309f7193bfb4f7fdce6f131bf74547e43075e469c59926d1e6144d3"
"1041","1","2026-10-03 12:00:22.244+00","2026-10-03",,"other","985b55fd7309f7193bfb4f7fdce6f131bf74547e43075e469c59926d1e6144d3"
"1042","1","2026-10-03 12:00:22.244+00","2026-10-03",,"other","985b55fd7309f7193bfb4f7fdce6f131bf74547e43075e469c59926d1e6144d3"
"1043","1","2026-10-03 12:00:22.244+00","2026-10-03",,"other","985b55fd7309f7193bfb4f7fdce6f131bf74547e43075e469c59926d1e6144d3"
"1044","1","2026-10-03 12:00:22.244+00","2026-10-03",,"other","985b55fd7309f7193bfb4f7fdce6f131bf74547e43075e469c59926d1e6144d3"
"1045","1","2026-10-03 12:00:22.244+00","2026-10-03",,"other","985b55fd7309f7193bfb4f7fdce6f131bf74547e43075e469c59926d1e6144d3"
"1046","1","2026-10-03 12:00:22.244+00","2026-10-03",,"other","985b55fd7309f7193bfb4f7fdce6f131bf74547e43075e469c59926d1e6144d3"
"1047","1","2026-10-03 12:00:22.244+00","2026-10-03",,"other","985b55fd7309f7193bfb4f7fdce6f131bf74547e43075e469c59926d1e6144d3"
"1048","1","2026-10-03 12:00:22.244+00","2026-10-03",,"other","985b55fd7309f7193bfb4f7fdce6f131bf74547e43075e469c59926d1e6144d3"
"1049","1","2026-10-03 12:00:22.244+00","2026-10-03",,"other","985b55fd7309f7193bfb4f7fdce6f131bf74547e43075e469c59926d1e6144d3"
"1050","1","2026-10-03 12:00:22.244+00","2026-10-03",,"other","985b55fd7309f7193bfb4f7fdce6f131bf74547e43075e469c59926d1e6144d3"
"1051","1","2026-10-03 12:00:22.244+00","2026-10-03",,"other","985b55fd7309f7193bfb4f7fdce6f131bf74547e43075e469c59926d1e6144d3"
"1052","1","2026-10-03 12:00:22.244+00","2026-10-03",,"other","985b55fd7309f7193bfb4f7fdce6f131bf74547e43075e469c59926d1e6144d3"
"1053","1","2026-10-03 12:00:22.244+00","2026-10-03",,"other","985b55fd7309f7193bfb4f7fdce6f131bf74547e43075e469c59926d1e6144d3"
"1054","1","2026-10-03 12:00:22.244+00","2026-10-03",,"other","985b55fd7309f7193bfb4f7fdce6f131bf74547e43075e469c59926d1e6144d3"
"1055","1","2026-10-03 12:00:22.244+00","2026-10-03",,"other","985b55fd7309f7193bfb4f7fdce6f131bf74547e43075e469c59926d1e6144d3"
"1056","1","2026-10-03 12:00:22.244+00","2026-10-03",,"other","985b55fd7309f7193bfb4f7fdce6f131bf74547e43075e469c59926d1e6144d3"
"1057","1","2026-10-03 12:00:22.244+00","2026-10-03",,"other","985b55fd7309f7193bfb4f7fdce6f131bf74547e43075e469c59926d1e6144d3"
"1058","1","2026-10-03 12:00:22.244+00","2026-10-03",,"other","985b55fd7309f7193bfb4f7fdce6f131bf74547e43075e469c59926d1e6144d3"
"1059","1","2026-10-03 12:00:22.244+00","2026-10-03",,"other","985b55fd7309f7193bfb4f7fdce6f131bf74547e43075e469c59926d1e6144d3"
"1060","1","2026-10-03 12:00:22.244+00","2026-10-03",,"other","985b55fd7309f7193bfb4f7fdce6f131bf74547e43075e469c59926d1e6144d3"
"1061","1","2026-10-03 12:00:22.244+00","2026-10-03",,"other","985b55fd7309f7193bfb4f7fdce6f131bf74547e43075e469c59926d1e6144d3"
"1062","1","2026-10-03 12:00:22.244+00","2026-10-03",,"other","985b55fd7309f7193bfb4f7fdce6f131bf74547e43075e469c59926d1e6144d3"
"1063","1","2026-10-03 12:00:22.244+00","2026-10-03",,"other","985b55fd7309f7193bfb4f7fdce6f131bf74547e43075e469c59926d1e6144d3"
"1064","1","2026-10-03 12:00:22.244+00","2026-10-03",,"other","985b55fd7309f7193bfb4f7fdce6f131bf74547e43075e469c59926d1e6144d3"
"1065","1","2026-10-03 12:00:22.244+00","2026-10-03",,"other","985b55fd7309f7193bfb4f7fdce6f131bf74547e43075e469c59926d1e6144d3"
"1066","1","2026-10-03 12:00:22.244+00","2026-10-03",,"other","985b55fd7309f7193bfb4f7fdce6f131bf74547e43075e469c59926d1e6144d3"
"1067","1","2026-10-03 12:00:22.244+00","2026-10-03",,"other","985b55fd7309f7193bfb4f7fdce6f131bf74547e43075e469c59926d1e6144d3"
"1068","1","2026-10-03 12:00:22.244+00","2026-10-03",,"other","985b55fd7309f7193bfb4f7fdce6f131bf74547e43075e469c59926d1e6144d3"
"1069","1","2026-10-03 12:00:22.244+00","2026-10-03",,"other","985b55fd7309f7193bfb4f7fdce6f131bf74547e43075e469c59926d1e6144d3"
"1070","1","2026-10-03 12:00:22.244+00","2026-10-03",,"other","985b55fd7309f7193bfb4f7fdce6f131bf74547e43075e469c59926d1e6144d3"
"1071","1","2026-10-03 12:00:22.244+00","2026-10-03",,"other","985b55fd7309f7193bfb4f7fdce6f131bf74547e43075e469c59926d1e6144d3"
"1072","1","2026-10-03 12:00:22.244+00","2026-10-03",,"other","985b55fd7309f7193bfb4f7fdce6f131bf74547e43075e469c59926d1e6144d3"
"1073","1","2026-10-03 12:00:22.244+00","2026-10-03",,"other","985b55fd7309f7193bfb4f7fdce6f131bf74547e43075e469c59926d1e6144d3"
"1074","1","2026-10-03 12:00:22.244+00","2026-10-03",,"other","985b55fd7309f7193bfb4f7fdce6f131bf74547e43075e469c59926d1e6144d3"
"1075","1","2026-10-03 12:00:22.244+00","2026-10-03",,"other","985b55fd7309f7193bfb4f7fdce6f131bf74547e43075e469c59926d1e6144d3"
"1076","1","2026-10-03 12:00:22.244+00","2026-10-03",,"other","985b55fd7309f7193bfb4f7fdce6f131bf74547e43075e469c59926d1e6144d3"
"1077","1","2026-10-03 12:00:22.244+00","2026-10-03",,"other","985b55fd7309f7193bfb4f7fdce6f131bf74547e43075e469c59926d1e6144d3"
"1078","1","2026-10-03 12:00:22.244+00","2026-10-03",,"other","985b55fd7309f7193bfb4f7fdce6f131bf74547e43075e469c59926d1e6144d3"
"1079","1","2026-10-03 12:00:22.244+00","2026-10-03",,"other","985b55fd7309f7193bfb4f7fdce6f131bf74547e43075e469c59926d1e6144d3"
"1080","1","2026-10-03 12:00:22.244+00","2026-10-03",,"other","985b55fd7309f7193bfb4f7fdce6f131bf74547e43075e469c59926d1e6144d3"
"1081","1","2026-10-03 12:00:22.244+00","2026-10-03",,"other","985b55fd7309f7193bfb4f7fdce6f131bf74547e43075e469c59926d1e6144d3"
"1082","1","2026-10-03 12:00:22.244+00","2026-10-03",,"other","985b55fd7309f7193bfb4f7fdce6f131bf74547e43075e469c59926d1e6144d3"
"1083","1","2026-10-03 12:00:22.244+00","2026-10-03",,"other","985b55fd7309f7193bfb4f7fdce6f131bf74547e43075e469c59926d1e6144d3"
"1084","1","2026-10-03 12:00:22.244+00","2026-10-03",,"other","985b55fd7309f7193bfb4f7fdce6f131bf74547e43075e469c59926d1e6144d3"
"1085","1","2026-10-03 12:00:22.244+00","2026-10-03",,"other","985b55fd7309f7193bfb4f7fdce6f131bf74547e43075e469c59926d1e6144d3"
"1086","1","2026-10-03 12:00:22.244+00","2026-10-03",,"other","985b55fd7309f7193bfb4f7fdce6f131bf74547e43075e469c59926d1e6144d3"
"1087","1","2026-10-03 12:00:22.244+00","2026-10-03",,"other","985b55fd7309f7193bfb4f7fdce6f131bf74547e43075e469c59926d1e6144d3"
"1088","1","2026-10-03 12:00:22.244+00","2026-10-03",,"other","985b55fd7309f7193bfb4f7fdce6f131bf74547e43075e469c59926d1e6144d3"
"1089","1","2026-10-03 12:00:22.244+00","2026-10-03",,"other","985b55fd7309f7193bfb4f7fdce6f131bf74547e43075e469c59926d1e6144d3"
"1090","1","2026-10-03 12:00:22.244+00","2026-10-03",,"other","985b55fd7309f7193bfb4f7fdce6f131bf74547e43075e469c59926d1e6144d3"
"1091","1","2026-10-03 12:00:22.244+00","2026-10-03",,"other","985b55fd7309f7193bfb4f7fdce6f131bf74547e43075e469c59926d1e6144d3"
"1092","1","2026-10-03 12:00:22.244+00","2026-10-03",,"other","985b55fd7309f7193bfb4f7fdce6f131bf74547e43075e469c59926d1e6144d3"
"1093","1","2026-10-03 12:00:22.244+00","2026-10-03",,"other","985b55fd7309f7193bfb4f7fdce6f131bf74547e43075e469c59926d1e6144d3"
"1094","1","2026-10-03 12:00:22.244+00","2026-10-03",,"other","985b55fd7309f7193bfb4f7fdce6f131bf74547e43075e469c59926d1e6144d3"
"1095","1","2026-10-03 12:00:22.244+00","2026-10-03",,"other","985b55fd7309f7193bfb4f7fdce6f131bf74547e43075e469c59926d1e6144d3"
"1096","1","2026-10-03 12:00:22.244+00","2026-10-03",,"other","985b55fd7309f7193bfb4f7fdce6f131bf74547e43075e469c59926d1e6144d3"
"1097","1","2026-10-03 12:00:22.244+00","2026-10-03",,"other","985b55fd7309f7193bfb4f7fdce6f131bf74547e43075e469c59926d1e6144d3"
"1098","1","2026-10-03 12:00:22.244+00","2026-10-03",,"other","985b55fd7309f7193bfb4f7fdce6f131bf74547e43075e469c59926d1e6144d3"
"1099","1","2026-10-03 12:00:22.244+00","2026-10-03",,"other","985b55fd7309f7193bfb4f7fdce6f131bf74547e43075e469c59926d1e6144d3"
"1100","1","2026-10-03 12:00:22.244+00","2026-10-03",,"other","985b55fd7309f7193bfb4f7fdce6f131bf74547e43075e469c59926d1e6144d3"
"1101","1","2026-10-03 12:00:22.244+00","2026-10-03",,"other","985b55fd7309f7193bfb4f7fdce6f131bf74547e43075e469c59926d1e6144d3"
"1102","1","2026-10-03 12:00:22.244+00","2026-10-03",,"other","985b55fd7309f7193bfb4f7fdce6f131bf74547e43075e469c59926d1e6144d3"
"1103","1","2026-10-03 12:00:22.244+00","2026-10-03",,"other","985b55fd7309f7193bfb4f7fdce6f131bf74547e43075e469c59926d1e6144d3"
"1104","1","2026-10-03 12:00:22.244+00","2026-10-03",,"other","985b55fd7309f7193bfb4f7fdce6f131bf74547e43075e469c59926d1e6144d3"
"1105","1","2026-10-03 12:00:22.244+00","2026-10-03",,"other","985b55fd7309f7193bfb4f7fdce6f131bf74547e43075e469c59926d1e6144d3"
"1106","1","2026-10-03 12:00:22.244+00","2026-10-03",,"other","985b55fd7309f7193bfb4f7fdce6f131bf74547e43075e469c59926d1e6144d3"
"1107","1","2026-10-03 12:00:22.244+00","2026-10-03",,"other","985b55fd7309f7193bfb4f7fdce6f131bf74547e43075e469c59926d1e6144d3"
"1108","1","2026-10-03 12:00:22.244+00","2026-10-03",,"other","985b55fd7309f7193bfb4f7fdce6f131bf74547e43075e469c59926d1e6144d3"
"1109","1","2026-10-03 12:00:22.244+00","2026-10-03",,"other","985b55fd7309f7193bfb4f7fdce6f131bf74547e43075e469c59926d1e6144d3"
"1110","1","2026-10-03 12:00:22.244+00","2026-10-03",,"other","985b55fd7309f7193bfb4f7fdce6f131bf74547e43075e469c59926d1e6144d3"
"1111","1","2026-10-03 12:00:22.244+00","2026-10-03",,"other","985b55fd7309f7193bfb4f7fdce6f131bf74547e43075e469c59926d1e6144d3"
"1112","1","2026-10-03 12:00:22.244+00","2026-10-03",,"other","985b55fd7309f7193bfb4f7fdce6f131bf74547e43075e469c59926d1e6144d3"
"1113","1","2026-10-03 12:00:22.244+00","2026-10-03",,"other","985b55fd7309f7193bfb4f7fdce6f131bf74547e43075e469c59926d1e6144d3"
"1114","1","2026-10-03 12:00:22.244+00","2026-10-03",,"other","985b55fd7309f7193bfb4f7fdce6f131bf74547e43075e469c59926d1e6144d3"
"1115","1","2026-10-03 12:00:22.244+00","2026-10-03",,"other","985b55fd7309f7193bfb4f7fdce6f131bf74547e43075e469c59926d1e6144d3"
"1116","1","2026-10-03 12:00:22.244+00","2026-10-03",,"other","985b55fd7309f7193bfb4f7fdce6f131bf74547e43075e469c59926d1e6144d3"
"1117","1","2026-10-03 12:00:22.244+00","2026-10-03",,"other","985b55fd7309f7193bfb4f7fdce6f131bf74547e43075e469c59926d1e6144d3"
"1118","1","2026-10-03 12:00:22.244+00","2026-10-03",,"other","985b55fd7309f7193bfb4f7fdce6f131bf74547e43075e469c59926d1e6144d3"
"1119","1","2026-10-03 12:00:22.244+00","2026-10-03",,"other","985b55fd7309f7193bfb4f7fdce6f131bf74547e43075e469c59926d1e6144d3"
"1120","1","2026-10-03 12:00:22.244+00","2026-10-03",,"other","985b55fd7309f7193bfb4f7fdce6f131bf74547e43075e469c59926d1e6144d3"
"1121","1","2026-10-03 12:00:22.244+00","2026-10-03",,"other","985b55fd7309f7193bfb4f7fdce6f131bf74547e43075e469c59926d1e6144d3"
"1122","1","2026-10-03 12:00:22.244+00","2026-10-03",,"other","985b55fd7309f7193bfb4f7fdce6f131bf74547e43075e469c59926d1e6144d3"
"1123","1","2026-10-03 12:00:22.244+00","2026-10-03",,"other","985b55fd7309f7193bfb4f7fdce6f131bf74547e43075e469c59926d1e6144d3"
"1124","1","2026-10-03 12:00:22.244+00","2026-10-03",,"other","985b55fd7309f7193bfb4f7fdce6f131bf74547e43075e469c59926d1e6144d3"
"1125","1","2026-10-03 12:00:22.244+00","2026-10-03",,"other","985b55fd7309f7193bfb4f7fdce6f131bf74547e43075e469c59926d1e6144d3"
"1126","1","2026-10-03 12:00:22.244+00","2026-10-03",,"other","985b55fd7309f7193bfb4f7fdce6f131bf74547e43075e469c59926d1e6144d3"
"1127","1","2026-10-03 12:00:22.244+00","2026-10-03",,"other","985b55fd7309f7193bfb4f7fdce6f131bf74547e43075e469c59926d1e6144d3"
"1128","1","2026-10-03 12:00:22.244+00","2026-10-03",,"other","985b55fd7309f7193bfb4f7fdce6f131bf74547e43075e469c59926d1e6144d3"
"1129","1","2026-10-03 12:00:22.244+00","2026-10-03",,"other","985b55fd7309f7193bfb4f7fdce6f131bf74547e43075e469c59926d1e6144d3"
"1130","1","2026-10-03 12:00:22.244+00","2026-10-03",,"other","985b55fd7309f7193bfb4f7fdce6f131bf74547e43075e469c59926d1e6144d3"
"1131","1","2026-10-03 12:00:22.244+00","2026-10-03",,"other","985b55fd7309f7193bfb4f7fdce6f131bf74547e43075e469c59926d1e6144d3"
"1132","1","2026-10-03 12:00:22.244+00","2026-10-03",,"other","985b55fd7309f7193bfb4f7fdce6f131bf74547e43075e469c59926d1e6144d3"
"1133","1","2026-10-03 12:00:22.244+00","2026-10-03",,"other","985b55fd7309f7193bfb4f7fdce6f131bf74547e43075e469c59926d1e6144d3"
"1134","1","2026-10-03 12:00:22.244+00","2026-10-03",,"other","985b55fd7309f7193bfb4f7fdce6f131bf74547e43075e469c59926d1e6144d3"
"1135","1","2026-10-03 12:00:22.244+00","2026-10-03",,"other","985b55fd7309f7193bfb4f7fdce6f131bf74547e43075e469c59926d1e6144d3"
"1136","1","2026-10-03 12:00:22.244+00","2026-10-03",,"other","985b55fd7309f7193bfb4f7fdce6f131bf74547e43075e469c59926d1e6144d3"
"1137","1","2026-10-03 12:00:22.244+00","2026-10-03",,"other","985b55fd7309f7193bfb4f7fdce6f131bf74547e43075e469c59926d1e6144d3"
"1138","1","2026-10-03 12:00:22.244+00","2026-10-03",,"other","985b55fd7309f7193bfb4f7fdce6f131bf74547e43075e469c59926d1e6144d3"
"1139","1","2026-10-03 12:00:22.244+00","2026-10-03",,"other","985b55fd7309f7193bfb4f7fdce6f131bf74547e43075e469c59926d1e6144d3"
"1140","1","2026-10-03 12:00:22.244+00","2026-10-03",,"other","985b55fd7309f7193bfb4f7fdce6f131bf74547e43075e469c59926d1e6144d3"
"1141","1","2026-10-03 12:00:22.244+00","2026-10-03",,"other","985b55fd7309f7193bfb4f7fdce6f131bf74547e43075e469c59926d1e6144d3"
"1142","1","2026-10-03 12:00:22.244+00","2026-10-03",,"other","985b55fd7309f7193bfb4f7fdce6f131bf74547e43075e469c59926d1e6144d3"
"1143","1","2026-10-03 12:00:22.244+00","2026-10-03",,"other","985b55fd7309f7193bfb4f7fdce6f131bf74547e43075e469c59926d1e6144d3"
"1144","1","2026-10-03 12:00:22.244+00","2026-10-03",,"other","985b55fd7309f7193bfb4f7fdce6f131bf74547e43075e469c59926d1e6144d3"
"1145","1","2026-10-03 12:00:22.244+00","2026-10-03",,"other","985b55fd7309f7193bfb4f7fdce6f131bf74547e43075e469c59926d1e6144d3"
"1146","1","2026-10-03 12:00:22.244+00","2026-10-03",,"other","985b55fd7309f7193bfb4f7fdce6f131bf74547e43075e469c59926d1e6144d3"
"1147","1","2026-10-03 12:00:22.244+00","2026-10-03",,"other","985b55fd7309f7193bfb4f7fdce6f131bf74547e43075e469c59926d1e6144d3"
"1148","1","2026-10-03 12:00:22.244+00","2026-10-03",,"other","985b55fd7309f7193bfb4f7fdce6f131bf74547e43075e469c59926d1e6144d3"
"1149","1","2026-10-03 12:00:22.244+00","2026-10-03",,"other","985b55fd7309f7193bfb4f7fdce6f131bf74547e43075e469c59926d1e6144d3"
"1150","1","2026-10-03 12:00:22.244+00","2026-10-03",,"other","985b55fd7309f7193bfb4f7fdce6f131bf74547e43075e469c59926d1e6144d3"
"1151","1","2026-10-03 12:00:22.244+00","2026-10-03",,"other","985b55fd7309f7193bfb4f7fdce6f131bf74547e43075e469c59926d1e6144d3"
"1152","1","2026-10-03 12:00:22.244+00","2026-10-03",,"other","985b55fd7309f7193bfb4f7fdce6f131bf74547e43075e469c59926d1e6144d3"
"1153","1","2026-10-03 12:00:22.244+00","2026-10-03",,"other","985b55fd7309f7193bfb4f7fdce6f131bf74547e43075e469c59926d1e6144d3"
"1154","1","2026-10-03 12:00:22.244+00","2026-10-03",,"other","985b55fd7309f7193bfb4f7fdce6f131bf74547e43075e469c59926d1e6144d3"
"1155","1","2026-10-03 12:00:22.244+00","2026-10-03",,"other","985b55fd7309f7193bfb4f7fdce6f131bf74547e43075e469c59926d1e6144d3"
"1156","1","2026-10-03 12:00:22.244+00","2026-10-03",,"other","985b55fd7309f7193bfb4f7fdce6f131bf74547e43075e469c59926d1e6144d3"
"1157","1","2026-10-03 12:00:22.244+00","2026-10-03",,"other","985b55fd7309f7193bfb4f7fdce6f131bf74547e43075e469c59926d1e6144d3"
"1158","1","2026-10-03 12:00:22.244+00","2026-10-03",,"other","985b55fd7309f7193bfb4f7fdce6f131bf74547e43075e469c59926d1e6144d3"
"1159","1","2026-10-03 12:00:22.244+00","2026-10-03",,"other","985b55fd7309f7193bfb4f7fdce6f131bf74547e43075e469c59926d1e6144d3"
"1160","1","2026-10-03 12:00:22.244+00","2026-10-03",,"other","985b55fd7309f7193bfb4f7fdce6f131bf74547e43075e469c59926d1e6144d3"
"1161","1","2026-10-03 12:00:22.244+00","2026-10-03",,"other","985b55fd7309f7193bfb4f7fdce6f131bf74547e43075e469c59926d1e6144d3"
"1162","1","2026-10-03 12:00:22.244+00","2026-10-03",,"other","985b55fd7309f7193bfb4f7fdce6f131bf74547e43075e469c59926d1e6144d3"
"1163","1","2026-10-03 12:00:22.244+00","2026-10-03",,"other","985b55fd7309f7193bfb4f7fdce6f131bf74547e43075e469c59926d1e6144d3"
"1164","1","2026-10-03 12:00:22.244+00","2026-10-03",,"other","985b55fd7309f7193bfb4f7fdce6f131bf74547e43075e469c59926d1e6144d3"
"1165","1","2026-10-03 12:00:22.244+00","2026-10-03",,"other","985b55fd7309f7193bfb4f7fdce6f131bf74547e43075e469c59926d1e6144d3"
"1166","1","2026-10-03 12:00:22.244+00","2026-10-03",,"other","985b55fd7309f7193bfb4f7fdce6f131bf74547e43075e469c59926d1e6144d3"
"1167","1","2026-10-03 12:00:22.244+00","2026-10-03",,"other","985b55fd7309f7193bfb4f7fdce6f131bf74547e43075e469c59926d1e6144d3"
"1168","1","2026-10-03 12:00:22.244+00","2026-10-03",,"other","985b55fd7309f7193bfb4f7fdce6f131bf74547e43075e469c59926d1e6144d3"
"1169","1","2026-10-03 12:00:22.244+00","2026-10-03",,"other","985b55fd7309f7193bfb4f7fdce6f131bf74547e43075e469c59926d1e6144d3"
"1170","1","2026-10-03 12:00:22.244+00","2026-10-03",,"other","985b55fd7309f7193bfb4f7fdce6f131bf74547e43075e469c59926d1e6144d3"
"1171","1","2026-10-03 12:00:22.244+00","2026-10-03",,"other","985b55fd7309f7193bfb4f7fdce6f131bf74547e43075e469c59926d1e6144d3"
"1172","1","2026-10-03 12:00:22.244+00","2026-10-03",,"other","985b55fd7309f7193bfb4f7fdce6f131bf74547e43075e469c59926d1e6144d3"
"1173","1","2026-10-03 12:00:22.244+00","2026-10-03",,"other","985b55fd7309f7193bfb4f7fdce6f131bf74547e43075e469c59926d1e6144d3"
"1174","1","2026-10-03 12:00:22.244+00","2026-10-03",,"other","985b55fd7309f7193bfb4f7fdce6f131bf74547e43075e469c59926d1e6144d3"
"1175","1","2026-10-03 12:00:22.244+00","2026-10-03",,"other","985b55fd7309f7193bfb4f7fdce6f131bf74547e43075e469c59926d1e6144d3"
"1176","1","2026-10-03 12:00:22.244+00","2026-10-03",,"other","985b55fd7309f7193bfb4f7fdce6f131bf74547e43075e469c59926d1e6144d3"
"1177","1","2026-10-03 12:00:22.244+00","2026-10-03",,"other","985b55fd7309f7193bfb4f7fdce6f131bf74547e43075e469c59926d1e6144d3"
"1178","1","2026-10-03 12:00:22.244+00","2026-10-03",,"other","985b55fd7309f7193bfb4f7fdce6f131bf74547e43075e469c59926d1e6144d3"
"1179","1","2026-10-03 12:00:22.244+00","2026-10-03",,"other","985b55fd7309f7193bfb4f7fdce6f131bf74547e43075e469c59926d1e6144d3"
"1180","1","2026-10-03 12:00:22.244+00","2026-10-03",,"other","985b55fd7309f7193bfb4f7fdce6f131bf74547e43075e469c59926d1e6144d3"
"1181","1","2026-10-03 12:00:22.244+00","2026-10-03",,"other","985b55fd7309f7193bfb4f7fdce6f131bf74547e43075e469c59926d1e6144d3"
"1182","1","2026-10-03 12:00:22.244+00","2026-10-03",,"other","985b55fd7309f7193bfb4f7fdce6f131bf74547e43075e469c59926d1e6144d3"
"1183","1","2026-10-03 12:00:22.244+00","2026-10-03",,"other","985b55fd7309f7193bfb4f7fdce6f131bf74547e43075e469c59926d1e6144d3"
"1184","1","2026-10-03 12:00:22.244+00","2026-10-03",,"other","985b55fd7309f7193bfb4f7fdce6f131bf74547e43075e469c59926d1e6144d3"
"1185","1","2026-10-03 12:00:22.244+00","2026-10-03",,"other","985b55fd7309f7193bfb4f7fdce6f131bf74547e43075e469c59926d1e6144d3"
"1186","1","2026-10-03 12:00:22.244+00","2026-10-03",,"other","985b55fd7309f7193bfb4f7fdce6f131bf74547e43075e469c59926d1e6144d3"
"1187","1","2026-10-03 12:00:22.244+00","2026-10-03",,"other","985b55fd7309f7193bfb4f7fdce6f131bf74547e43075e469c59926d1e6144d3"
"1188","1","2026-10-03 12:00:22.244+00","2026-10-03",,"other","985b55fd7309f7193bfb4f7fdce6f131bf74547e43075e469c59926d1e6144d3"
"1189","1","2026-10-03 12:00:22.244+00","2026-10-03",,"other","985b55fd7309f7193bfb4f7fdce6f131bf74547e43075e469c59926d1e6144d3"
"1190","1","2026-10-03 12:00:22.244+00","2026-10-03",,"other","985b55fd7309f7193bfb4f7fdce6f131bf74547e43075e469c59926d1e6144d3"
"1191","1","2026-10-03 12:00:22.244+00","2026-10-03",,"other","985b55fd7309f7193bfb4f7fdce6f131bf74547e43075e469c59926d1e6144d3"
"1192","1","2026-10-03 12:00:22.244+00","2026-10-03",,"other","985b55fd7309f7193bfb4f7fdce6f131bf74547e43075e469c59926d1e6144d3"
"1193","1","2026-10-03 12:00:22.244+00","2026-10-03",,"other","985b55fd7309f7193bfb4f7fdce6f131bf74547e43075e469c59926d1e6144d3"
"1194","1","2026-10-03 12:00:22.244+00","2026-10-03",,"other","985b55fd7309f7193bfb4f7fdce6f131bf74547e43075e469c59926d1e6144d3"
"1195","1","2026-10-03 12:00:22.244+00","2026-10-03",,"other","985b55fd7309f7193bfb4f7fdce6f131bf74547e43075e469c59926d1e6144d3"
"1196","1","2026-10-03 12:00:22.244+00","2026-10-03",,"other","985b55fd7309f7193bfb4f7fdce6f131bf74547e43075e469c59926d1e6144d3"
"1197","1","2026-10-03 12:00:22.244+00","2026-10-03",,"other","985b55fd7309f7193bfb4f7fdce6f131bf74547e43075e469c59926d1e6144d3"
"1198","1","2026-10-03 12:00:22.244+00","2026-10-03",,"other","985b55fd7309f7193bfb4f7fdce6f131bf74547e43075e469c59926d1e6144d3"
"1199","1","2026-10-03 12:00:22.244+00","2026-10-03",,"other","985b55fd7309f7193bfb4f7fdce6f131bf74547e43075e469c59926d1e6144d3"
"1200","1","2026-10-03 12:00:22.244+00","2026-10-03",,"other","985b55fd7309f7193bfb4f7fdce6f131bf74547e43075e469c59926d1e6144d3"
"1201","1","2026-10-03 12:00:22.244+00","2026-10-03",,"other","985b55fd7309f7193bfb4f7fdce6f131bf74547e43075e469c59926d1e6144d3"
"1202","1","2026-10-03 12:04:23.244+00","2026-10-03",,"other","985b55fd7309f7193bfb4f7fdce6f131bf74547e43075e469c59926d1e6144d3"
"1203","1","2026-10-03 12:04:23.244+00","2026-10-03",,"other","985b55fd7309f7193bfb4f7fdce6f131bf74547e43075e469c59926d1e6144d3"
"1204","1","2026-10-03 12:04:23.244+00","2026-10-03",,"other","985b55fd7309f7193bfb4f7fdce6f131bf74547e43075e469c59926d1e6144d3"
"1205","1","2026-10-03 12:04:23.244+00","2026-10-03",,"other","985b55fd7309f7193bfb4f7fdce6f131bf74547e43075e469c59926d1e6144d3"
"1206","1","2026-10-03 12:04:23.244+00","2026-10-03",,"other","985b55fd7309f7193bfb4f7fdce6f131bf74547e43075e469c59926d1e6144d3"
"1207","1","2026-10-03 12:04:23.244+00","2026-10-03",,"other","985b55fd7309f7193bfb4f7fdce6f131bf74547e43075e469c59926d1e6144d3"
"1208","1","2026-10-03 12:04:23.244+00","2026-10-03",,"other","985b55fd7309f7193bfb4f7fdce6f131bf74547e43075e469c59926d1e6144d3"
"1209","1","2026-10-03 12:04:23.244+00","2026-10-03",,"other","985b55fd7309f7193bfb4f7fdce6f131bf74547e43075e469c59926d1e6144d3"
"1210","1","2026-10-03 12:04:23.244+00","2026-10-03",,"other","985b55fd7309f7193bfb4f7fdce6f131bf74547e43075e469c59926d1e6144d3"
"1211","1","2026-10-03 12:04:23.244+00","2026-10-03",,"other","985b55fd7309f7193bfb4f7fdce6f131bf74547e43075e469c59926d1e6144d3"
"1212","1","2026-10-03 12:04:23.244+00","2026-10-03",,"other","985b55fd7309f7193bfb4f7fdce6f131bf74547e43075e469c59926d1e6144d3"
"1213","1","2026-10-03 12:04:23.244+00","2026-10-03",,"other","985b55fd7309f7193bfb4f7fdce6f131bf74547e43075e469c59926d1e6144d3"
"1214","1","2026-10-03 12:04:23.244+00","2026-10-03",,"other","985b55fd7309f7193bfb4f7fdce6f131bf74547e43075e469c59926d1e6144d3"
"1215","1","2026-10-03 12:04:23.244+00","2026-10-03",,"other","985b55fd7309f7193bfb4f7fdce6f131bf74547e43075e469c59926d1e6144d3"
"1216","1","2026-10-03 12:04:23.244+00","2026-10-03",,"other","985b55fd7309f7193bfb4f7fdce6f131bf74547e43075e469c59926d1e6144d3"
"1217","1","2026-10-03 12:04:23.244+00","2026-10-03",,"other","985b55fd7309f7193bfb4f7fdce6f131bf74547e43075e469c59926d1e6144d3"
"1218","1","2026-10-03 12:04:23.244+00","2026-10-03",,"other","985b55fd7309f7193bfb4f7fdce6f131bf74547e43075e469c59926d1e6144d3"
"1219","1","2026-10-03 12:04:23.244+00","2026-10-03",,"other","985b55fd7309f7193bfb4f7fdce6f131bf74547e43075e469c59926d1e6144d3"
"1220","1","2026-10-03 12:04:23.244+00","2026-10-03",,"other","985b55fd7309f7193bfb4f7fdce6f131bf74547e43075e469c59926d1e6144d3"
"1221","1","2026-10-03 12:04:23.244+00","2026-10-03",,"other","985b55fd7309f7193bfb4f7fdce6f131bf74547e43075e469c59926d1e6144d3"
"1222","1","2026-10-03 12:04:23.244+00","2026-10-03",,"other","985b55fd7309f7193bfb4f7fdce6f131bf74547e43075e469c59926d1e6144d3"
"1223","1","2026-10-03 12:04:23.244+00","2026-10-03",,"other","985b55fd7309f7193bfb4f7fdce6f131bf74547e43075e469c59926d1e6144d3"
"1224","1","2026-10-03 12:04:23.244+00","2026-10-03",,"other","985b55fd7309f7193bfb4f7fdce6f131bf74547e43075e469c59926d1e6144d3"
"1225","1","2026-10-03 12:04:23.244+00","2026-10-03",,"other","985b55fd7309f7193bfb4f7fdce6f131bf74547e43075e469c59926d1e6144d3"
"1226","1","2026-10-03 12:04:23.244+00","2026-10-03",,"other","985b55fd7309f7193bfb4f7fdce6f131bf74547e43075e469c59926d1e6144d3"
"1227","1","2026-10-03 12:04:23.244+00","2026-10-03",,"other","985b55fd7309f7193bfb4f7fdce6f131bf74547e43075e469c59926d1e6144d3"
"1228","1","2026-10-03 12:04:23.244+00","2026-10-03",,"other","985b55fd7309f7193bfb4f7fdce6f131bf74547e43075e469c59926d1e6144d3"
"1229","1","2026-10-03 12:04:23.244+00","2026-10-03",,"other","985b55fd7309f7193bfb4f7fdce6f131bf74547e43075e469c59926d1e6144d3"
"1230","1","2026-10-03 12:04:23.244+00","2026-10-03",,"other","985b55fd7309f7193bfb4f7fdce6f131bf74547e43075e469c59926d1e6144d3"
"1231","1","2026-10-03 12:04:23.244+00","2026-10-03",,"other","985b55fd7309f7193bfb4f7fdce6f131bf74547e43075e469c59926d1e6144d3"
"1232","1","2026-10-03 12:04:23.244+00","2026-10-03",,"other","985b55fd7309f7193bfb4f7fdce6f131bf74547e43075e469c59926d1e6144d3"
"1233","1","2026-10-03 12:04:23.244+00","2026-10-03",,"other","985b55fd7309f7193bfb4f7fdce6f131bf74547e43075e469c59926d1e6144d3"
"1234","1","2026-10-03 12:04:23.244+00","2026-10-03",,"other","985b55fd7309f7193bfb4f7fdce6f131bf74547e43075e469c59926d1e6144d3"
"1235","1","2026-10-03 12:04:23.244+00","2026-10-03",,"other","985b55fd7309f7193bfb4f7fdce6f131bf74547e43075e469c59926d1e6144d3"
"1236","1","2026-10-03 12:04:23.244+00","2026-10-03",,"other","985b55fd7309f7193bfb4f7fdce6f131bf74547e43075e469c59926d1e6144d3"
"1237","1","2026-10-03 12:04:23.244+00","2026-10-03",,"other","985b55fd7309f7193bfb4f7fdce6f131bf74547e43075e469c59926d1e6144d3"
"1238","1","2026-10-03 12:04:23.244+00","2026-10-03",,"other","985b55fd7309f7193bfb4f7fdce6f131bf74547e43075e469c59926d1e6144d3"
"1239","1","2026-10-03 12:04:23.244+00","2026-10-03",,"other","985b55fd7309f7193bfb4f7fdce6f131bf74547e43075e469c59926d1e6144d3"
"1240","1","2026-10-03 12:04:23.244+00","2026-10-03",,"other","985b55fd7309f7193bfb4f7fdce6f131bf74547e43075e469c59926d1e6144d3"
"1241","1","2026-10-03 12:04:23.244+00","2026-10-03",,"other","985b55fd7309f7193bfb4f7fdce6f131bf74547e43075e469c59926d1e6144d3"
"1242","1","2026-10-03 12:04:23.244+00","2026-10-03",,"other","985b55fd7309f7193bfb4f7fdce6f131bf74547e43075e469c59926d1e6144d3"
"1243","1","2026-10-03 12:04:23.244+00","2026-10-03",,"other","985b55fd7309f7193bfb4f7fdce6f131bf74547e43075e469c59926d1e6144d3"
"1244","1","2026-10-03 12:04:23.244+00","2026-10-03",,"other","985b55fd7309f7193bfb4f7fdce6f131bf74547e43075e469c59926d1e6144d3"
"1245","1","2026-10-03 12:04:23.244+00","2026-10-03",,"other","985b55fd7309f7193bfb4f7fdce6f131bf74547e43075e469c59926d1e6144d3"
"1246","1","2026-10-03 12:04:23.244+00","2026-10-03",,"other","985b55fd7309f7193bfb4f7fdce6f131bf74547e43075e469c59926d1e6144d3"
"1247","1","2026-10-03 12:04:23.244+00","2026-10-03",,"other","985b55fd7309f7193bfb4f7fdce6f131bf74547e43075e469c59926d1e6144d3"
"1248","1","2026-10-03 12:04:23.244+00","2026-10-03",,"other","985b55fd7309f7193bfb4f7fdce6f131bf74547e43075e469c59926d1e6144d3"
"1249","1","2026-10-03 12:04:23.244+00","2026-10-03",,"other","985b55fd7309f7193bfb4f7fdce6f131bf74547e43075e469c59926d1e6144d3"
"1250","1","2026-10-03 12:04:23.244+00","2026-10-03",,"other","985b55fd7309f7193bfb4f7fdce6f131bf74547e43075e469c59926d1e6144d3"
"1251","1","2026-10-03 12:04:23.244+00","2026-10-03",,"other","985b55fd7309f7193bfb4f7fdce6f131bf74547e43075e469c59926d1e6144d3"
"1252","1","2026-10-03 12:04:23.244+00","2026-10-03",,"other","985b55fd7309f7193bfb4f7fdce6f131bf74547e43075e469c59926d1e6144d3"
"1253","1","2026-10-03 12:04:23.244+00","2026-10-03",,"other","985b55fd7309f7193bfb4f7fdce6f131bf74547e43075e469c59926d1e6144d3"
"1254","1","2026-10-03 12:04:23.244+00","2026-10-03",,"other","985b55fd7309f7193bfb4f7fdce6f131bf74547e43075e469c59926d1e6144d3"
"1255","1","2026-10-03 12:04:23.244+00","2026-10-03",,"other","985b55fd7309f7193bfb4f7fdce6f131bf74547e43075e469c59926d1e6144d3"
"1256","1","2026-10-03 12:04:23.244+00","2026-10-03",,"other","985b55fd7309f7193bfb4f7fdce6f131bf74547e43075e469c59926d1e6144d3"
"1257","1","2026-10-03 12:04:23.244+00","2026-10-03",,"other","985b55fd7309f7193bfb4f7fdce6f131bf74547e43075e469c59926d1e6144d3"
"1258","1","2026-10-03 12:04:23.244+00","2026-10-03",,"other","985b55fd7309f7193bfb4f7fdce6f131bf74547e43075e469c59926d1e6144d3"
"1259","1","2026-10-03 12:04:23.244+00","2026-10-03",,"other","985b55fd7309f7193bfb4f7fdce6f131bf74547e43075e469c59926d1e6144d3"
"1260","1","2026-10-03 12:04:23.244+00","2026-10-03",,"other","985b55fd7309f7193bfb4f7fdce6f131bf74547e43075e469c59926d1e6144d3"
"1261","1","2026-10-03 12:04:23.244+00","2026-10-03",,"other","985b55fd7309f7193bfb4f7fdce6f131bf74547e43075e469c59926d1e6144d3"
"1262","1","2026-10-03 12:04:23.244+00","2026-10-03",,"other","985b55fd7309f7193bfb4f7fdce6f131bf74547e43075e469c59926d1e6144d3"
"1263","1","2026-10-03 12:04:23.244+00","2026-10-03",,"other","985b55fd7309f7193bfb4f7fdce6f131bf74547e43075e469c59926d1e6144d3"
"1264","1","2026-10-03 12:04:23.244+00","2026-10-03",,"other","985b55fd7309f7193bfb4f7fdce6f131bf74547e43075e469c59926d1e6144d3"
"1265","1","2026-10-03 12:04:23.244+00","2026-10-03",,"other","985b55fd7309f7193bfb4f7fdce6f131bf74547e43075e469c59926d1e6144d3"
"1266","1","2026-10-03 12:04:23.244+00","2026-10-03",,"other","985b55fd7309f7193bfb4f7fdce6f131bf74547e43075e469c59926d1e6144d3"
"1267","1","2026-10-03 12:04:23.244+00","2026-10-03",,"other","985b55fd7309f7193bfb4f7fdce6f131bf74547e43075e469c59926d1e6144d3"
"1268","1","2026-10-03 12:04:23.244+00","2026-10-03",,"other","985b55fd7309f7193bfb4f7fdce6f131bf74547e43075e469c59926d1e6144d3"
"1269","1","2026-10-03 12:04:23.244+00","2026-10-03",,"other","985b55fd7309f7193bfb4f7fdce6f131bf74547e43075e469c59926d1e6144d3"
"1270","1","2026-10-03 12:04:23.244+00","2026-10-03",,"other","985b55fd7309f7193bfb4f7fdce6f131bf74547e43075e469c59926d1e6144d3"
"1271","1","2026-10-03 12:04:23.244+00","2026-10-03",,"other","985b55fd7309f7193bfb4f7fdce6f131bf74547e43075e469c59926d1e6144d3"
"1272","1","2026-10-03 12:04:23.244+00","2026-10-03",,"other","985b55fd7309f7193bfb4f7fdce6f131bf74547e43075e469c59926d1e6144d3"
"1273","1","2026-10-03 12:04:23.244+00","2026-10-03",,"other","985b55fd7309f7193bfb4f7fdce6f131bf74547e43075e469c59926d1e6144d3"
"1274","1","2026-10-03 12:04:23.244+00","2026-10-03",,"other","985b55fd7309f7193bfb4f7fdce6f131bf74547e43075e469c59926d1e6144d3"
"1275","1","2026-10-03 12:04:23.244+00","2026-10-03",,"other","985b55fd7309f7193bfb4f7fdce6f131bf74547e43075e469c59926d1e6144d3"
"1276","1","2026-10-03 12:04:23.244+00","2026-10-03",,"other","985b55fd7309f7193bfb4f7fdce6f131bf74547e43075e469c59926d1e6144d3"
"1277","1","2026-10-03 12:04:23.244+00","2026-10-03",,"other","985b55fd7309f7193bfb4f7fdce6f131bf74547e43075e469c59926d1e6144d3"
"1278","1","2026-10-03 12:04:23.244+00","2026-10-03",,"other","985b55fd7309f7193bfb4f7fdce6f131bf74547e43075e469c59926d1e6144d3"
"1279","1","2026-10-03 12:04:23.244+00","2026-10-03",,"other","985b55fd7309f7193bfb4f7fdce6f131bf74547e43075e469c59926d1e6144d3"
"1280","1","2026-10-03 12:04:23.244+00","2026-10-03",,"other","985b55fd7309f7193bfb4f7fdce6f131bf74547e43075e469c59926d1e6144d3"
"1281","1","2026-10-03 12:04:23.244+00","2026-10-03",,"other","985b55fd7309f7193bfb4f7fdce6f131bf74547e43075e469c59926d1e6144d3"
"1282","1","2026-10-03 12:04:23.244+00","2026-10-03",,"other","985b55fd7309f7193bfb4f7fdce6f131bf74547e43075e469c59926d1e6144d3"
"1283","1","2026-10-03 12:04:23.244+00","2026-10-03",,"other","985b55fd7309f7193bfb4f7fdce6f131bf74547e43075e469c59926d1e6144d3"
"1284","1","2026-10-03 12:04:23.244+00","2026-10-03",,"other","985b55fd7309f7193bfb4f7fdce6f131bf74547e43075e469c59926d1e6144d3"
"1285","1","2026-10-03 12:04:23.244+00","2026-10-03",,"other","985b55fd7309f7193bfb4f7fdce6f131bf74547e43075e469c59926d1e6144d3"
"1286","1","2026-10-03 12:04:23.244+00","2026-10-03",,"other","985b55fd7309f7193bfb4f7fdce6f131bf74547e43075e469c59926d1e6144d3"
"1287","1","2026-10-03 12:04:23.244+00","2026-10-03",,"other","985b55fd7309f7193bfb4f7fdce6f131bf74547e43075e469c59926d1e6144d3"
"1288","1","2026-10-03 12:04:23.244+00","2026-10-03",,"other","985b55fd7309f7193bfb4f7fdce6f131bf74547e43075e469c59926d1e6144d3"
"1289","1","2026-10-03 12:04:23.244+00","2026-10-03",,"other","985b55fd7309f7193bfb4f7fdce6f131bf74547e43075e469c59926d1e6144d3"
"1290","1","2026-10-03 12:04:23.244+00","2026-10-03",,"other","985b55fd7309f7193bfb4f7fdce6f131bf74547e43075e469c59926d1e6144d3"
"1291","1","2026-10-03 12:04:23.244+00","2026-10-03",,"other","985b55fd7309f7193bfb4f7fdce6f131bf74547e43075e469c59926d1e6144d3"
"1292","1","2026-10-03 12:04:23.244+00","2026-10-03",,"other","985b55fd7309f7193bfb4f7fdce6f131bf74547e43075e469c59926d1e6144d3"
"1293","1","2026-10-03 12:04:23.244+00","2026-10-03",,"other","985b55fd7309f7193bfb4f7fdce6f131bf74547e43075e469c59926d1e6144d3"
"1294","1","2026-10-03 12:04:23.244+00","2026-10-03",,"other","985b55fd7309f7193bfb4f7fdce6f131bf74547e43075e469c59926d1e6144d3"
"1295","1","2026-10-03 12:04:23.244+00","2026-10-03",,"other","985b55fd7309f7193bfb4f7fdce6f131bf74547e43075e469c59926d1e6144d3"
"1296","1","2026-10-03 12:04:23.244+00","2026-10-03",,"other","985b55fd7309f7193bfb4f7fdce6f131bf74547e43075e469c59926d1e6144d3"
"1297","1","2026-10-03 12:04:23.244+00","2026-10-03",,"other","985b55fd7309f7193bfb4f7fdce6f131bf74547e43075e469c59926d1e6144d3"
"1298","1","2026-10-03 12:04:23.244+00","2026-10-03",,"other","985b55fd7309f7193bfb4f7fdce6f131bf74547e43075e469c59926d1e6144d3"
"1299","1","2026-10-03 12:04:23.244+00","2026-10-03",,"other","985b55fd7309f7193bfb4f7fdce6f131bf74547e43075e469c59926d1e6144d3"
"1300","1","2026-10-03 12:04:23.244+00","2026-10-03",,"other","985b55fd7309f7193bfb4f7fdce6f131bf74547e43075e469c59926d1e6144d3"
"1301","1","2026-10-03 12:04:23.244+00","2026-10-03",,"other","985b55fd7309f7193bfb4f7fdce6f131bf74547e43075e469c59926d1e6144d3"
"1302","1","2026-10-03 12:04:23.244+00","2026-10-03",,"other","985b55fd7309f7193bfb4f7fdce6f131bf74547e43075e469c59926d1e6144d3"
"1303","1","2026-10-03 12:04:23.244+00","2026-10-03",,"other","985b55fd7309f7193bfb4f7fdce6f131bf74547e43075e469c59926d1e6144d3"
"1304","1","2026-10-03 12:04:23.244+00","2026-10-03",,"other","985b55fd7309f7193bfb4f7fdce6f131bf74547e43075e469c59926d1e6144d3"
"1305","1","2026-10-03 12:04:23.244+00","2026-10-03",,"other","985b55fd7309f7193bfb4f7fdce6f131bf74547e43075e469c59926d1e6144d3"
"1306","1","2026-10-03 12:04:23.244+00","2026-10-03",,"other","985b55fd7309f7193bfb4f7fdce6f131bf74547e43075e469c59926d1e6144d3"
"1307","1","2026-10-03 12:04:23.244+00","2026-10-03",,"other","985b55fd7309f7193bfb4f7fdce6f131bf74547e43075e469c59926d1e6144d3"
"1308","1","2026-10-03 12:04:23.244+00","2026-10-03",,"other","985b55fd7309f7193bfb4f7fdce6f131bf74547e43075e469c59926d1e6144d3"
"1309","1","2026-10-03 12:04:23.244+00","2026-10-03",,"other","985b55fd7309f7193bfb4f7fdce6f131bf74547e43075e469c59926d1e6144d3"
"1310","1","2026-10-03 12:04:23.244+00","2026-10-03",,"other","985b55fd7309f7193bfb4f7fdce6f131bf74547e43075e469c59926d1e6144d3"
"1311","1","2026-10-03 12:04:23.244+00","2026-10-03",,"other","985b55fd7309f7193bfb4f7fdce6f131bf74547e43075e469c59926d1e6144d3"
"1312","1","2026-10-03 12:04:23.244+00","2026-10-03",,"other","985b55fd7309f7193bfb4f7fdce6f131bf74547e43075e469c59926d1e6144d3"
"1313","1","2026-10-03 12:04:23.244+00","2026-10-03",,"other","985b55fd7309f7193bfb4f7fdce6f131bf74547e43075e469c59926d1e6144d3"
"1314","1","2026-10-03 12:04:23.244+00","2026-10-03",,"other","985b55fd7309f7193bfb4f7fdce6f131bf74547e43075e469c59926d1e6144d3"
"1315","1","2026-10-03 12:04:23.244+00","2026-10-03",,"other","985b55fd7309f7193bfb4f7fdce6f131bf74547e43075e469c59926d1e6144d3"
"1316","1","2026-10-03 12:04:23.244+00","2026-10-03",,"other","985b55fd7309f7193bfb4f7fdce6f131bf74547e43075e469c59926d1e6144d3"
"1317","1","2026-10-03 12:04:23.244+00","2026-10-03",,"other","985b55fd7309f7193bfb4f7fdce6f131bf74547e43075e469c59926d1e6144d3"
"1318","1","2026-10-03 12:04:23.244+00","2026-10-03",,"other","985b55fd7309f7193bfb4f7fdce6f131bf74547e43075e469c59926d1e6144d3"
"1319","1","2026-10-03 12:04:23.244+00","2026-10-03",,"other","985b55fd7309f7193bfb4f7fdce6f131bf74547e43075e469c59926d1e6144d3"
"1320","1","2026-10-03 12:04:23.244+00","2026-10-03",,"other","985b55fd7309f7193bfb4f7fdce6f131bf74547e43075e469c59926d1e6144d3"
"1321","1","2026-10-03 12:04:23.244+00","2026-10-03",,"other","985b55fd7309f7193bfb4f7fdce6f131bf74547e43075e469c59926d1e6144d3"
"1322","1","2026-10-03 12:04:23.244+00","2026-10-03",,"other","985b55fd7309f7193bfb4f7fdce6f131bf74547e43075e469c59926d1e6144d3"
"1323","1","2026-10-03 12:04:23.244+00","2026-10-03",,"other","985b55fd7309f7193bfb4f7fdce6f131bf74547e43075e469c59926d1e6144d3"
"1324","1","2026-10-03 12:04:23.244+00","2026-10-03",,"other","985b55fd7309f7193bfb4f7fdce6f131bf74547e43075e469c59926d1e6144d3"
"1325","1","2026-10-03 12:04:23.244+00","2026-10-03",,"other","985b55fd7309f7193bfb4f7fdce6f131bf74547e43075e469c59926d1e6144d3"
"1326","1","2026-10-03 12:04:23.244+00","2026-10-03",,"other","985b55fd7309f7193bfb4f7fdce6f131bf74547e43075e469c59926d1e6144d3"
"1327","1","2026-10-03 12:04:23.244+00","2026-10-03",,"other","985b55fd7309f7193bfb4f7fdce6f131bf74547e43075e469c59926d1e6144d3"
"1328","1","2026-10-03 12:04:23.244+00","2026-10-03",,"other","985b55fd7309f7193bfb4f7fdce6f131bf74547e43075e469c59926d1e6144d3"
"1329","1","2026-10-03 12:04:23.244+00","2026-10-03",,"other","985b55fd7309f7193bfb4f7fdce6f131bf74547e43075e469c59926d1e6144d3"
"1330","1","2026-10-03 12:04:23.244+00","2026-10-03",,"other","985b55fd7309f7193bfb4f7fdce6f131bf74547e43075e469c59926d1e6144d3"
"1331","1","2026-10-03 12:04:23.244+00","2026-10-03",,"other","985b55fd7309f7193bfb4f7fdce6f131bf74547e43075e469c59926d1e6144d3"
"1332","1","2026-10-03 12:04:23.244+00","2026-10-03",,"other","985b55fd7309f7193bfb4f7fdce6f131bf74547e43075e469c59926d1e6144d3"
"1333","1","2026-10-03 12:04:23.244+00","2026-10-03",,"other","985b55fd7309f7193bfb4f7fdce6f131bf74547e43075e469c59926d1e6144d3"
"1334","1","2026-10-03 12:04:23.244+00","2026-10-03",,"other","985b55fd7309f7193bfb4f7fdce6f131bf74547e43075e469c59926d1e6144d3"
"1335","1","2026-10-03 12:04:23.244+00","2026-10-03",,"other","985b55fd7309f7193bfb4f7fdce6f131bf74547e43075e469c59926d1e6144d3"
"1336","1","2026-10-03 12:04:23.244+00","2026-10-03",,"other","985b55fd7309f7193bfb4f7fdce6f131bf74547e43075e469c59926d1e6144d3"
"1337","1","2026-10-03 12:04:23.244+00","2026-10-03",,"other","985b55fd7309f7193bfb4f7fdce6f131bf74547e43075e469c59926d1e6144d3"
"1338","1","2026-10-03 12:04:23.244+00","2026-10-03",,"other","985b55fd7309f7193bfb4f7fdce6f131bf74547e43075e469c59926d1e6144d3"
"1339","1","2026-10-03 12:04:23.244+00","2026-10-03",,"other","985b55fd7309f7193bfb4f7fdce6f131bf74547e43075e469c59926d1e6144d3"
"1340","1","2026-10-03 12:04:23.244+00","2026-10-03",,"other","985b55fd7309f7193bfb4f7fdce6f131bf74547e43075e469c59926d1e6144d3"
"1341","1","2026-10-03 12:04:23.244+00","2026-10-03",,"other","985b55fd7309f7193bfb4f7fdce6f131bf74547e43075e469c59926d1e6144d3"
"1342","1","2026-10-03 12:04:23.244+00","2026-10-03",,"other","985b55fd7309f7193bfb4f7fdce6f131bf74547e43075e469c59926d1e6144d3"
"1343","1","2026-10-03 12:04:23.244+00","2026-10-03",,"other","985b55fd7309f7193bfb4f7fdce6f131bf74547e43075e469c59926d1e6144d3"
"1344","1","2026-10-03 12:04:23.244+00","2026-10-03",,"other","985b55fd7309f7193bfb4f7fdce6f131bf74547e43075e469c59926d1e6144d3"
"1345","1","2026-10-03 12:04:23.244+00","2026-10-03",,"other","985b55fd7309f7193bfb4f7fdce6f131bf74547e43075e469c59926d1e6144d3"
"1346","1","2026-10-03 12:04:23.244+00","2026-10-03",,"other","985b55fd7309f7193bfb4f7fdce6f131bf74547e43075e469c59926d1e6144d3"
"1347","1","2026-10-03 12:04:23.244+00","2026-10-03",,"other","985b55fd7309f7193bfb4f7fdce6f131bf74547e43075e469c59926d1e6144d3"
"1348","1","2026-10-03 12:04:23.244+00","2026-10-03",,"other","985b55fd7309f7193bfb4f7fdce6f131bf74547e43075e469c59926d1e6144d3"
"1349","1","2026-10-03 12:04:23.244+00","2026-10-03",,"other","985b55fd7309f7193bfb4f7fdce6f131bf74547e43075e469c59926d1e6144d3"
"1350","1","2026-10-03 12:04:23.244+00","2026-10-03",,"other","985b55fd7309f7193bfb4f7fdce6f131bf74547e43075e469c59926d1e6144d3"
"1351","1","2026-10-03 12:04:23.244+00","2026-10-03",,"other","985b55fd7309f7193bfb4f7fdce6f131bf74547e43075e469c59926d1e6144d3"
"1352","1","2026-10-03 12:04:23.244+00","2026-10-03",,"other","985b55fd7309f7193bfb4f7fdce6f131bf74547e43075e469c59926d1e6144d3"
"1353","1","2026-10-03 12:04:23.244+00","2026-10-03",,"other","985b55fd7309f7193bfb4f7fdce6f131bf74547e43075e469c59926d1e6144d3"
"1354","1","2026-10-03 12:04:23.244+00","2026-10-03",,"other","985b55fd7309f7193bfb4f7fdce6f131bf74547e43075e469c59926d1e6144d3"
"1355","1","2026-10-03 12:04:23.244+00","2026-10-03",,"other","985b55fd7309f7193bfb4f7fdce6f131bf74547e43075e469c59926d1e6144d3"
"1356","1","2026-10-03 12:04:23.244+00","2026-10-03",,"other","985b55fd7309f7193bfb4f7fdce6f131bf74547e43075e469c59926d1e6144d3"
"1357","1","2026-10-03 12:04:23.244+00","2026-10-03",,"other","985b55fd7309f7193bfb4f7fdce6f131bf74547e43075e469c59926d1e6144d3"
"1358","1","2026-10-03 12:04:23.244+00","2026-10-03",,"other","985b55fd7309f7193bfb4f7fdce6f131bf74547e43075e469c59926d1e6144d3"
"1359","1","2026-10-03 12:04:23.244+00","2026-10-03",,"other","985b55fd7309f7193bfb4f7fdce6f131bf74547e43075e469c59926d1e6144d3"
"1360","1","2026-10-03 12:04:23.244+00","2026-10-03",,"other","985b55fd7309f7193bfb4f7fdce6f131bf74547e43075e469c59926d1e6144d3"
"1361","1","2026-10-03 12:04:23.244+00","2026-10-03",,"other","985b55fd7309f7193bfb4f7fdce6f131bf74547e43075e469c59926d1e6144d3"
"1362","1","2026-10-03 12:04:23.244+00","2026-10-03",,"other","985b55fd7309f7193bfb4f7fdce6f131bf74547e43075e469c59926d1e6144d3"
"1363","1","2026-10-03 12:04:23.244+00","2026-10-03",,"other","985b55fd7309f7193bfb4f7fdce6f131bf74547e43075e469c59926d1e6144d3"
"1364","1","2026-10-03 12:04:23.244+00","2026-10-03",,"other","985b55fd7309f7193bfb4f7fdce6f131bf74547e43075e469c59926d1e6144d3"
"1365","1","2026-10-03 12:04:23.244+00","2026-10-03",,"other","985b55fd7309f7193bfb4f7fdce6f131bf74547e43075e469c59926d1e6144d3"
"1366","1","2026-10-03 12:04:23.244+00","2026-10-03",,"other","985b55fd7309f7193bfb4f7fdce6f131bf74547e43075e469c59926d1e6144d3"
"1367","1","2026-10-03 12:04:23.244+00","2026-10-03",,"other","985b55fd7309f7193bfb4f7fdce6f131bf74547e43075e469c59926d1e6144d3"
"1368","1","2026-10-03 12:04:23.244+00","2026-10-03",,"other","985b55fd7309f7193bfb4f7fdce6f131bf74547e43075e469c59926d1e6144d3"
"1369","1","2026-10-03 12:04:23.244+00","2026-10-03",,"other","985b55fd7309f7193bfb4f7fdce6f131bf74547e43075e469c59926d1e6144d3"
"1370","1","2026-10-03 12:04:23.244+00","2026-10-03",,"other","985b55fd7309f7193bfb4f7fdce6f131bf74547e43075e469c59926d1e6144d3"
"1371","1","2026-10-03 12:04:23.244+00","2026-10-03",,"other","985b55fd7309f7193bfb4f7fdce6f131bf74547e43075e469c59926d1e6144d3"
"1372","1","2026-10-03 12:04:23.244+00","2026-10-03",,"other","985b55fd7309f7193bfb4f7fdce6f131bf74547e43075e469c59926d1e6144d3"
"1373","1","2026-10-03 12:04:23.244+00","2026-10-03",,"other","985b55fd7309f7193bfb4f7fdce6f131bf74547e43075e469c59926d1e6144d3"
"1374","1","2026-10-03 12:04:23.244+00","2026-10-03",,"other","985b55fd7309f7193bfb4f7fdce6f131bf74547e43075e469c59926d1e6144d3"
"1375","1","2026-10-03 12:04:23.244+00","2026-10-03",,"other","985b55fd7309f7193bfb4f7fdce6f131bf74547e43075e469c59926d1e6144d3"
"1376","1","2026-10-03 12:04:23.244+00","2026-10-03",,"other","985b55fd7309f7193bfb4f7fdce6f131bf74547e43075e469c59926d1e6144d3"
"1377","1","2026-10-03 12:04:23.244+00","2026-10-03",,"other","985b55fd7309f7193bfb4f7fdce6f131bf74547e43075e469c59926d1e6144d3"
"1378","1","2026-10-03 12:04:23.244+00","2026-10-03",,"other","985b55fd7309f7193bfb4f7fdce6f131bf74547e43075e469c59926d1e6144d3"
"1379","1","2026-10-03 12:04:23.244+00","2026-10-03",,"other","985b55fd7309f7193bfb4f7fdce6f131bf74547e43075e469c59926d1e6144d3"
"1380","1","2026-10-03 12:04:23.244+00","2026-10-03",,"other","985b55fd7309f7193bfb4f7fdce6f131bf74547e43075e469c59926d1e6144d3"
"1381","1","2026-10-03 12:04:23.244+00","2026-10-03",,"other","985b55fd7309f7193bfb4f7fdce6f131bf74547e43075e469c59926d1e6144d3"
"1382","1","2026-10-03 12:04:23.244+00","2026-10-03",,"other","985b55fd7309f7193bfb4f7fdce6f131bf74547e43075e469c59926d1e6144d3"
"1383","1","2026-10-03 12:04:23.244+00","2026-10-03",,"other","985b55fd7309f7193bfb4f7fdce6f131bf74547e43075e469c59926d1e6144d3"
"1384","1","2026-10-03 12:04:23.244+00","2026-10-03",,"other","985b55fd7309f7193bfb4f7fdce6f131bf74547e43075e469c59926d1e6144d3"
"1385","1","2026-10-03 12:04:23.244+00","2026-10-03",,"other","985b55fd7309f7193bfb4f7fdce6f131bf74547e43075e469c59926d1e6144d3"
"1386","1","2026-10-03 12:04:23.244+00","2026-10-03",,"other","985b55fd7309f7193bfb4f7fdce6f131bf74547e43075e469c59926d1e6144d3"
"1387","1","2026-10-03 12:04:23.244+00","2026-10-03",,"other","985b55fd7309f7193bfb4f7fdce6f131bf74547e43075e469c59926d1e6144d3"
"1388","1","2026-10-03 12:04:23.244+00","2026-10-03",,"other","985b55fd7309f7193bfb4f7fdce6f131bf74547e43075e469c59926d1e6144d3"
"1389","1","2026-10-03 12:04:23.244+00","2026-10-03",,"other","985b55fd7309f7193bfb4f7fdce6f131bf74547e43075e469c59926d1e6144d3"
"1390","1","2026-10-03 12:04:23.244+00","2026-10-03",,"other","985b55fd7309f7193bfb4f7fdce6f131bf74547e43075e469c59926d1e6144d3"
"1391","1","2026-10-03 12:04:23.244+00","2026-10-03",,"other","985b55fd7309f7193bfb4f7fdce6f131bf74547e43075e469c59926d1e6144d3"
"1392","1","2026-10-03 12:04:23.244+00","2026-10-03",,"other","985b55fd7309f7193bfb4f7fdce6f131bf74547e43075e469c59926d1e6144d3"
"1393","1","2026-10-03 12:04:23.244+00","2026-10-03",,"other","985b55fd7309f7193bfb4f7fdce6f131bf74547e43075e469c59926d1e6144d3"
"1394","1","2026-10-03 12:04:23.244+00","2026-10-03",,"other","985b55fd7309f7193bfb4f7fdce6f131bf74547e43075e469c59926d1e6144d3"
"1395","1","2026-10-03 12:04:23.244+00","2026-10-03",,"other","985b55fd7309f7193bfb4f7fdce6f131bf74547e43075e469c59926d1e6144d3"
"1396","1","2026-10-03 12:04:23.244+00","2026-10-03",,"other","985b55fd7309f7193bfb4f7fdce6f131bf74547e43075e469c59926d1e6144d3"
"1397","1","2026-10-03 12:04:23.244+00","2026-10-03",,"other","985b55fd7309f7193bfb4f7fdce6f131bf74547e43075e469c59926d1e6144d3"
"1398","1","2026-10-03 12:04:23.244+00","2026-10-03",,"other","985b55fd7309f7193bfb4f7fdce6f131bf74547e43075e469c59926d1e6144d3"
"1399","1","2026-10-03 12:04:23.244+00","2026-10-03",,"other","985b55fd7309f7193bfb4f7fdce6f131bf74547e43075e469c59926d1e6144d3"
"1400","1","2026-10-03 12:04:23.244+00","2026-10-03",,"other","985b55fd7309f7193bfb4f7fdce6f131bf74547e43075e469c59926d1e6144d3"
"1401","1","2026-10-03 12:04:23.244+00","2026-10-03",,"other","985b55fd7309f7193bfb4f7fdce6f131bf74547e43075e469c59926d1e6144d3"
"1402","1","2026-10-03 12:04:23.244+00","2026-10-03",,"other","985b55fd7309f7193bfb4f7fdce6f131bf74547e43075e469c59926d1e6144d3"
"1403","1","2026-10-03 12:04:23.244+00","2026-10-03",,"other","985b55fd7309f7193bfb4f7fdce6f131bf74547e43075e469c59926d1e6144d3"
"1404","1","2026-10-03 12:04:23.244+00","2026-10-03",,"other","985b55fd7309f7193bfb4f7fdce6f131bf74547e43075e469c59926d1e6144d3"
"1405","1","2026-10-03 12:04:23.244+00","2026-10-03",,"other","985b55fd7309f7193bfb4f7fdce6f131bf74547e43075e469c59926d1e6144d3"
"1406","1","2026-10-03 12:04:23.244+00","2026-10-03",,"other","985b55fd7309f7193bfb4f7fdce6f131bf74547e43075e469c59926d1e6144d3"
"1407","1","2026-10-03 12:04:23.244+00","2026-10-03",,"other","985b55fd7309f7193bfb4f7fdce6f131bf74547e43075e469c59926d1e6144d3"
"1408","1","2026-10-03 12:04:23.244+00","2026-10-03",,"other","985b55fd7309f7193bfb4f7fdce6f131bf74547e43075e469c59926d1e6144d3"
"1409","1","2026-10-03 12:04:23.244+00","2026-10-03",,"other","985b55fd7309f7193bfb4f7fdce6f131bf74547e43075e469c59926d1e6144d3"
"1410","1","2026-10-03 12:04:23.244+00","2026-10-03",,"other","985b55fd7309f7193bfb4f7fdce6f131bf74547e43075e469c59926d1e6144d3"
"1411","1","2026-10-03 12:04:23.244+00","2026-10-03",,"other","985b55fd7309f7193bfb4f7fdce6f131bf74547e43075e469c59926d1e6144d3"
"1412","1","2026-10-03 12:04:23.244+00","2026-10-03",,"other","985b55fd7309f7193bfb4f7fdce6f131bf74547e43075e469c59926d1e6144d3"
"1413","1","2026-10-03 12:04:23.244+00","2026-10-03",,"other","985b55fd7309f7193bfb4f7fdce6f131bf74547e43075e469c59926d1e6144d3"
"1414","1","2026-10-03 12:04:23.244+00","2026-10-03",,"other","985b55fd7309f7193bfb4f7fdce6f131bf74547e43075e469c59926d1e6144d3"
"1415","1","2026-10-03 12:04:23.244+00","2026-10-03",,"other","985b55fd7309f7193bfb4f7fdce6f131bf74547e43075e469c59926d1e6144d3"
"1416","1","2026-10-03 12:04:23.244+00","2026-10-03",,"other","985b55fd7309f7193bfb4f7fdce6f131bf74547e43075e469c59926d1e6144d3"
"1417","1","2026-10-03 12:04:23.244+00","2026-10-03",,"other","985b55fd7309f7193bfb4f7fdce6f131bf74547e43075e469c59926d1e6144d3"
"1418","1","2026-10-03 12:04:23.244+00","2026-10-03",,"other","985b55fd7309f7193bfb4f7fdce6f131bf74547e43075e469c59926d1e6144d3"
"1419","1","2026-10-03 12:04:23.244+00","2026-10-03",,"other","985b55fd7309f7193bfb4f7fdce6f131bf74547e43075e469c59926d1e6144d3"
"1420","1","2026-10-03 12:04:23.244+00","2026-10-03",,"other","985b55fd7309f7193bfb4f7fdce6f131bf74547e43075e469c59926d1e6144d3"
"1421","1","2026-10-03 12:04:23.244+00","2026-10-03",,"other","985b55fd7309f7193bfb4f7fdce6f131bf74547e43075e469c59926d1e6144d3"
"1422","1","2026-10-03 12:04:23.244+00","2026-10-03",,"other","985b55fd7309f7193bfb4f7fdce6f131bf74547e43075e469c59926d1e6144d3"
"1423","1","2026-10-03 12:04:23.244+00","2026-10-03",,"other","985b55fd7309f7193bfb4f7fdce6f131bf74547e43075e469c59926d1e6144d3"
"1424","1","2026-10-03 12:04:23.244+00","2026-10-03",,"other","985b55fd7309f7193bfb4f7fdce6f131bf74547e43075e469c59926d1e6144d3"
"1425","1","2026-10-03 12:04:23.244+00","2026-10-03",,"other","985b55fd7309f7193bfb4f7fdce6f131bf74547e43075e469c59926d1e6144d3"
"1426","1","2026-10-03 12:04:23.244+00","2026-10-03",,"other","985b55fd7309f7193bfb4f7fdce6f131bf74547e43075e469c59926d1e6144d3"
"1427","1","2026-10-03 12:04:23.244+00","2026-10-03",,"other","985b55fd7309f7193bfb4f7fdce6f131bf74547e43075e469c59926d1e6144d3"
"1428","1","2026-10-03 12:04:23.244+00","2026-10-03",,"other","985b55fd7309f7193bfb4f7fdce6f131bf74547e43075e469c59926d1e6144d3"
"1429","1","2026-10-03 12:04:23.244+00","2026-10-03",,"other","985b55fd7309f7193bfb4f7fdce6f131bf74547e43075e469c59926d1e6144d3"
"1430","1","2026-10-03 12:04:23.244+00","2026-10-03",,"other","985b55fd7309f7193bfb4f7fdce6f131bf74547e43075e469c59926d1e6144d3"
"1431","1","2026-10-03 12:04:23.244+00","2026-10-03",,"other","985b55fd7309f7193bfb4f7fdce6f131bf74547e43075e469c59926d1e6144d3"
"1432","1","2026-10-03 12:04:23.244+00","2026-10-03",,"other","985b55fd7309f7193bfb4f7fdce6f131bf74547e43075e469c59926d1e6144d3"
"1433","1","2026-10-03 12:04:23.244+00","2026-10-03",,"other","985b55fd7309f7193bfb4f7fdce6f131bf74547e43075e469c59926d1e6144d3"
"1434","1","2026-10-03 12:04:23.244+00","2026-10-03",,"other","985b55fd7309f7193bfb4f7fdce6f131bf74547e43075e469c59926d1e6144d3"
"1435","1","2026-10-03 12:04:23.244+00","2026-10-03",,"other","985b55fd7309f7193bfb4f7fdce6f131bf74547e43075e469c59926d1e6144d3"
"1436","1","2026-10-03 12:04:23.244+00","2026-10-03",,"other","985b55fd7309f7193bfb4f7fdce6f131bf74547e43075e469c59926d1e6144d3"
"1437","1","2026-10-03 12:04:23.244+00","2026-10-03",,"other","985b55fd7309f7193bfb4f7fdce6f131bf74547e43075e469c59926d1e6144d3"
"1438","1","2026-10-03 12:04:23.244+00","2026-10-03",,"other","985b55fd7309f7193bfb4f7fdce6f131bf74547e43075e469c59926d1e6144d3"
"1439","1","2026-10-03 12:04:23.244+00","2026-10-03",,"other","985b55fd7309f7193bfb4f7fdce6f131bf74547e43075e469c59926d1e6144d3"
"1440","1","2026-10-03 12:04:23.244+00","2026-10-03",,"other","985b55fd7309f7193bfb4f7fdce6f131bf74547e43075e469c59926d1e6144d3"
"1441","1","2026-10-03 12:04:23.244+00","2026-10-03",,"other","985b55fd7309f7193bfb4f7fdce6f131bf74547e43075e469c59926d1e6144d3"
"1442","1","2026-10-03 12:04:23.244+00","2026-10-03",,"other","985b55fd7309f7193bfb4f7fdce6f131bf74547e43075e469c59926d1e6144d3"
"1443","1","2026-10-03 12:04:23.244+00","2026-10-03",,"other","985b55fd7309f7193bfb4f7fdce6f131bf74547e43075e469c59926d1e6144d3"
"1444","1","2026-10-03 12:04:23.244+00","2026-10-03",,"other","985b55fd7309f7193bfb4f7fdce6f131bf74547e43075e469c59926d1e6144d3"
"1445","1","2026-10-03 12:04:23.244+00","2026-10-03",,"other","985b55fd7309f7193bfb4f7fdce6f131bf74547e43075e469c59926d1e6144d3"
"1446","1","2026-10-03 12:04:23.244+00","2026-10-03",,"other","985b55fd7309f7193bfb4f7fdce6f131bf74547e43075e469c59926d1e6144d3"
"1447","1","2026-10-03 12:04:23.244+00","2026-10-03",,"other","985b55fd7309f7193bfb4f7fdce6f131bf74547e43075e469c59926d1e6144d3"
"1448","1","2026-10-03 12:04:23.244+00","2026-10-03",,"other","985b55fd7309f7193bfb4f7fdce6f131bf74547e43075e469c59926d1e6144d3"
"1449","1","2026-10-03 12:04:23.244+00","2026-10-03",,"other","985b55fd7309f7193bfb4f7fdce6f131bf74547e43075e469c59926d1e6144d3"
"1450","1","2026-10-03 12:04:23.244+00","2026-10-03",,"other","985b55fd7309f7193bfb4f7fdce6f131bf74547e43075e469c59926d1e6144d3"
"1451","1","2026-10-03 12:04:23.244+00","2026-10-03",,"other","985b55fd7309f7193bfb4f7fdce6f131bf74547e43075e469c59926d1e6144d3"
"1452","1","2026-10-03 12:04:23.244+00","2026-10-03",,"other","985b55fd7309f7193bfb4f7fdce6f131bf74547e43075e469c59926d1e6144d3"
"1453","1","2026-10-03 12:04:23.244+00","2026-10-03",,"other","985b55fd7309f7193bfb4f7fdce6f131bf74547e43075e469c59926d1e6144d3"
"1454","1","2026-10-03 12:04:23.244+00","2026-10-03",,"other","985b55fd7309f7193bfb4f7fdce6f131bf74547e43075e469c59926d1e6144d3"
"1455","1","2026-10-03 12:04:23.244+00","2026-10-03",,"other","985b55fd7309f7193bfb4f7fdce6f131bf74547e43075e469c59926d1e6144d3"
"1456","1","2026-10-03 12:04:23.244+00","2026-10-03",,"other","985b55fd7309f7193bfb4f7fdce6f131bf74547e43075e469c59926d1e6144d3"
"1457","1","2026-10-03 12:04:23.244+00","2026-10-03",,"other","985b55fd7309f7193bfb4f7fdce6f131bf74547e43075e469c59926d1e6144d3"
"1458","1","2026-10-03 12:04:23.244+00","2026-10-03",,"other","985b55fd7309f7193bfb4f7fdce6f131bf74547e43075e469c59926d1e6144d3"
"1459","1","2026-10-03 12:04:23.244+00","2026-10-03",,"other","985b55fd7309f7193bfb4f7fdce6f131bf74547e43075e469c59926d1e6144d3"
"1460","1","2026-10-03 12:04:23.244+00","2026-10-03",,"other","985b55fd7309f7193bfb4f7fdce6f131bf74547e43075e469c59926d1e6144d3"
"1461","1","2026-10-03 12:04:23.244+00","2026-10-03",,"other","985b55fd7309f7193bfb4f7fdce6f131bf74547e43075e469c59926d1e6144d3"
"1462","1","2026-10-03 12:04:23.244+00","2026-10-03",,"other","985b55fd7309f7193bfb4f7fdce6f131bf74547e43075e469c59926d1e6144d3"
"1463","1","2026-10-03 12:04:23.244+00","2026-10-03",,"other","985b55fd7309f7193bfb4f7fdce6f131bf74547e43075e469c59926d1e6144d3"
"1464","1","2026-10-03 12:04:23.244+00","2026-10-03",,"other","985b55fd7309f7193bfb4f7fdce6f131bf74547e43075e469c59926d1e6144d3"
"1465","1","2026-10-03 12:04:23.244+00","2026-10-03",,"other","985b55fd7309f7193bfb4f7fdce6f131bf74547e43075e469c59926d1e6144d3"
"1466","1","2026-10-03 12:04:23.244+00","2026-10-03",,"other","985b55fd7309f7193bfb4f7fdce6f131bf74547e43075e469c59926d1e6144d3"
"1467","1","2026-10-03 12:04:23.244+00","2026-10-03",,"other","985b55fd7309f7193bfb4f7fdce6f131bf74547e43075e469c59926d1e6144d3"
"1468","1","2026-10-03 12:04:23.244+00","2026-10-03",,"other","985b55fd7309f7193bfb4f7fdce6f131bf74547e43075e469c59926d1e6144d3"
"1469","1","2026-10-03 12:04:23.244+00","2026-10-03",,"other","985b55fd7309f7193bfb4f7fdce6f131bf74547e43075e469c59926d1e6144d3"
"1470","1","2026-10-03 12:04:23.244+00","2026-10-03",,"other","985b55fd7309f7193bfb4f7fdce6f131bf74547e43075e469c59926d1e6144d3"
"1471","1","2026-10-03 12:04:23.244+00","2026-10-03",,"other","985b55fd7309f7193bfb4f7fdce6f131bf74547e43075e469c59926d1e6144d3"
"1472","1","2026-10-03 12:04:23.244+00","2026-10-03",,"other","985b55fd7309f7193bfb4f7fdce6f131bf74547e43075e469c59926d1e6144d3"
"1473","1","2026-10-03 12:04:23.244+00","2026-10-03",,"other","985b55fd7309f7193bfb4f7fdce6f131bf74547e43075e469c59926d1e6144d3"
"1474","1","2026-10-03 12:04:23.244+00","2026-10-03",,"other","985b55fd7309f7193bfb4f7fdce6f131bf74547e43075e469c59926d1e6144d3"
"1475","1","2026-10-03 12:04:23.244+00","2026-10-03",,"other","985b55fd7309f7193bfb4f7fdce6f131bf74547e43075e469c59926d1e6144d3"
"1476","1","2026-10-03 12:04:23.244+00","2026-10-03",,"other","985b55fd7309f7193bfb4f7fdce6f131bf74547e43075e469c59926d1e6144d3"
"1477","1","2026-10-03 12:04:23.244+00","2026-10-03",,"other","985b55fd7309f7193bfb4f7fdce6f131bf74547e43075e469c59926d1e6144d3"
"1478","1","2026-10-03 12:04:23.244+00","2026-10-03",,"other","985b55fd7309f7193bfb4f7fdce6f131bf74547e43075e469c59926d1e6144d3"
"1479","1","2026-10-03 12:04:23.244+00","2026-10-03",,"other","985b55fd7309f7193bfb4f7fdce6f131bf74547e43075e469c59926d1e6144d3"
"1480","1","2026-10-03 12:04:23.244+00","2026-10-03",,"other","985b55fd7309f7193bfb4f7fdce6f131bf74547e43075e469c59926d1e6144d3"
"1481","1","2026-10-03 12:04:23.244+00","2026-10-03",,"other","985b55fd7309f7193bfb4f7fdce6f131bf74547e43075e469c59926d1e6144d3"
"1482","1","2026-10-03 12:04:23.244+00","2026-10-03",,"other","985b55fd7309f7193bfb4f7fdce6f131bf74547e43075e469c59926d1e6144d3"
"1483","1","2026-10-03 12:04:23.244+00","2026-10-03",,"other","985b55fd7309f7193bfb4f7fdce6f131bf74547e43075e469c59926d1e6144d3"
"1484","1","2026-10-03 12:04:23.244+00","2026-10-03",,"other","985b55fd7309f7193bfb4f7fdce6f131bf74547e43075e469c59926d1e6144d3"
"1485","1","2026-10-03 12:04:23.244+00","2026-10-03",,"other","985b55fd7309f7193bfb4f7fdce6f131bf74547e43075e469c59926d1e6144d3"
"1486","1","2026-10-03 12:04:23.244+00","2026-10-03",,"other","985b55fd7309f7193bfb4f7fdce6f131bf74547e43075e469c59926d1e6144d3"
"1487","1","2026-10-03 12:04:23.244+00","2026-10-03",,"other","985b55fd7309f7193bfb4f7fdce6f131bf74547e43075e469c59926d1e6144d3"
"1488","1","2026-10-03 12:04:23.244+00","2026-10-03",,"other","985b55fd7309f7193bfb4f7fdce6f131bf74547e43075e469c59926d1e6144d3"
"1489","1","2026-10-03 12:04:23.244+00","2026-10-03",,"other","985b55fd7309f7193bfb4f7fdce6f131bf74547e43075e469c59926d1e6144d3"
"1490","1","2026-10-03 12:04:23.244+00","2026-10-03",,"other","985b55fd7309f7193bfb4f7fdce6f131bf74547e43075e469c59926d1e6144d3"
"1491","1","2026-10-03 12:04:23.244+00","2026-10-03",,"other","985b55fd7309f7193bfb4f7fdce6f131bf74547e43075e469c59926d1e6144d3"
"1492","1","2026-10-03 12:04:23.244+00","2026-10-03",,"other","985b55fd7309f7193bfb4f7fdce6f131bf74547e43075e469c59926d1e6144d3"
"1493","1","2026-10-03 12:04:23.244+00","2026-10-03",,"other","985b55fd7309f7193bfb4f7fdce6f131bf74547e43075e469c59926d1e6144d3"
"1494","1","2026-10-03 12:04:23.244+00","2026-10-03",,"other","985b55fd7309f7193bfb4f7fdce6f131bf74547e43075e469c59926d1e6144d3"
"1495","1","2026-10-03 12:04:23.244+00","2026-10-03",,"other","985b55fd7309f7193bfb4f7fdce6f131bf74547e43075e469c59926d1e6144d3"
"1496","1","2026-10-03 12:04:23.244+00","2026-10-03",,"other","985b55fd7309f7193bfb4f7fdce6f131bf74547e43075e469c59926d1e6144d3"
"1497","1","2026-10-03 12:04:23.244+00","2026-10-03",,"other","985b55fd7309f7193bfb4f7fdce6f131bf74547e43075e469c59926d1e6144d3"
"1498","1","2026-10-03 12:04:23.244+00","2026-10-03",,"other","985b55fd7309f7193bfb4f7fdce6f131bf74547e43075e469c59926d1e6144d3"
"1499","1","2026-10-03 12:04:23.244+00","2026-10-03",,"other","985b55fd7309f7193bfb4f7fdce6f131bf74547e43075e469c59926d1e6144d3"
"1500","1","2026-10-03 12:04:23.244+00","2026-10-03",,"other","985b55fd7309f7193bfb4f7fdce6f131bf74547e43075e469c59926d1e6144d3"
"1501","1","2026-10-03 12:04:23.244+00","2026-10-03",,"other","985b55fd7309f7193bfb4f7fdce6f131bf74547e43075e469c59926d1e6144d3"
"1502","1","2026-10-03 12:04:23.244+00","2026-10-03",,"other","985b55fd7309f7193bfb4f7fdce6f131bf74547e43075e469c59926d1e6144d3"
"1503","1","2026-10-03 12:04:23.244+00","2026-10-03",,"other","985b55fd7309f7193bfb4f7fdce6f131bf74547e43075e469c59926d1e6144d3"
"1504","1","2026-10-03 12:04:23.244+00","2026-10-03",,"other","985b55fd7309f7193bfb4f7fdce6f131bf74547e43075e469c59926d1e6144d3"
"1505","1","2026-10-03 12:04:23.244+00","2026-10-03",,"other","985b55fd7309f7193bfb4f7fdce6f131bf74547e43075e469c59926d1e6144d3"
"1506","1","2026-10-03 12:04:23.244+00","2026-10-03",,"other","985b55fd7309f7193bfb4f7fdce6f131bf74547e43075e469c59926d1e6144d3"
"1507","1","2026-10-03 12:04:23.244+00","2026-10-03",,"other","985b55fd7309f7193bfb4f7fdce6f131bf74547e43075e469c59926d1e6144d3"
"1508","1","2026-10-03 12:04:23.244+00","2026-10-03",,"other","985b55fd7309f7193bfb4f7fdce6f131bf74547e43075e469c59926d1e6144d3"
"1509","1","2026-10-03 12:04:23.244+00","2026-10-03",,"other","985b55fd7309f7193bfb4f7fdce6f131bf74547e43075e469c59926d1e6144d3"
"1510","1","2026-10-03 12:04:23.244+00","2026-10-03",,"other","985b55fd7309f7193bfb4f7fdce6f131bf74547e43075e469c59926d1e6144d3"
"1511","1","2026-10-03 12:04:23.244+00","2026-10-03",,"other","985b55fd7309f7193bfb4f7fdce6f131bf74547e43075e469c59926d1e6144d3"
"1512","1","2026-10-03 12:04:23.244+00","2026-10-03",,"other","985b55fd7309f7193bfb4f7fdce6f131bf74547e43075e469c59926d1e6144d3"
"1513","1","2026-10-03 12:04:23.244+00","2026-10-03",,"other","985b55fd7309f7193bfb4f7fdce6f131bf74547e43075e469c59926d1e6144d3"
"1514","1","2026-10-03 12:04:23.244+00","2026-10-03",,"other","985b55fd7309f7193bfb4f7fdce6f131bf74547e43075e469c59926d1e6144d3"
"1515","1","2026-10-03 12:04:23.244+00","2026-10-03",,"other","985b55fd7309f7193bfb4f7fdce6f131bf74547e43075e469c59926d1e6144d3"
"1516","1","2026-10-03 12:04:23.244+00","2026-10-03",,"other","985b55fd7309f7193bfb4f7fdce6f131bf74547e43075e469c59926d1e6144d3"
"1517","1","2026-10-03 12:04:23.244+00","2026-10-03",,"other","985b55fd7309f7193bfb4f7fdce6f131bf74547e43075e469c59926d1e6144d3"
"1518","1","2026-10-03 12:04:23.244+00","2026-10-03",,"other","985b55fd7309f7193bfb4f7fdce6f131bf74547e43075e469c59926d1e6144d3"
"1519","1","2026-10-03 12:04:23.244+00","2026-10-03",,"other","985b55fd7309f7193bfb4f7fdce6f131bf74547e43075e469c59926d1e6144d3"
"1520","1","2026-10-03 12:04:23.244+00","2026-10-03",,"other","985b55fd7309f7193bfb4f7fdce6f131bf74547e43075e469c59926d1e6144d3"
"1521","1","2026-10-03 12:04:23.244+00","2026-10-03",,"other","985b55fd7309f7193bfb4f7fdce6f131bf74547e43075e469c59926d1e6144d3"
"1522","1","2026-10-03 12:04:23.244+00","2026-10-03",,"other","985b55fd7309f7193bfb4f7fdce6f131bf74547e43075e469c59926d1e6144d3"
"1523","1","2026-10-03 12:04:23.244+00","2026-10-03",,"other","985b55fd7309f7193bfb4f7fdce6f131bf74547e43075e469c59926d1e6144d3"
"1524","1","2026-10-03 12:04:23.244+00","2026-10-03",,"other","985b55fd7309f7193bfb4f7fdce6f131bf74547e43075e469c59926d1e6144d3"
"1525","1","2026-10-03 12:04:23.244+00","2026-10-03",,"other","985b55fd7309f7193bfb4f7fdce6f131bf74547e43075e469c59926d1e6144d3"
"1526","1","2026-10-03 12:04:23.244+00","2026-10-03",,"other","985b55fd7309f7193bfb4f7fdce6f131bf74547e43075e469c59926d1e6144d3"
"1527","1","2026-10-03 12:04:23.244+00","2026-10-03",,"other","985b55fd7309f7193bfb4f7fdce6f131bf74547e43075e469c59926d1e6144d3"
"1528","1","2026-10-03 12:04:23.244+00","2026-10-03",,"other","985b55fd7309f7193bfb4f7fdce6f131bf74547e43075e469c59926d1e6144d3"
"1529","1","2026-10-03 12:04:23.244+00","2026-10-03",,"other","985b55fd7309f7193bfb4f7fdce6f131bf74547e43075e469c59926d1e6144d3"
"1530","1","2026-10-03 12:04:23.244+00","2026-10-03",,"other","985b55fd7309f7193bfb4f7fdce6f131bf74547e43075e469c59926d1e6144d3"
"1531","1","2026-10-03 12:04:23.244+00","2026-10-03",,"other","985b55fd7309f7193bfb4f7fdce6f131bf74547e43075e469c59926d1e6144d3"
"1532","1","2026-10-03 12:04:23.244+00","2026-10-03",,"other","985b55fd7309f7193bfb4f7fdce6f131bf74547e43075e469c59926d1e6144d3"
"1533","1","2026-10-03 12:04:23.244+00","2026-10-03",,"other","985b55fd7309f7193bfb4f7fdce6f131bf74547e43075e469c59926d1e6144d3"
"1534","1","2026-10-03 12:04:23.244+00","2026-10-03",,"other","985b55fd7309f7193bfb4f7fdce6f131bf74547e43075e469c59926d1e6144d3"
"1535","1","2026-10-03 12:04:23.244+00","2026-10-03",,"other","985b55fd7309f7193bfb4f7fdce6f131bf74547e43075e469c59926d1e6144d3"
"1536","1","2026-10-03 12:04:23.244+00","2026-10-03",,"other","985b55fd7309f7193bfb4f7fdce6f131bf74547e43075e469c59926d1e6144d3"
"1537","1","2026-10-03 12:04:23.244+00","2026-10-03",,"other","985b55fd7309f7193bfb4f7fdce6f131bf74547e43075e469c59926d1e6144d3"
"1538","1","2026-10-03 12:04:23.244+00","2026-10-03",,"other","985b55fd7309f7193bfb4f7fdce6f131bf74547e43075e469c59926d1e6144d3"
"1539","1","2026-10-03 12:04:23.244+00","2026-10-03",,"other","985b55fd7309f7193bfb4f7fdce6f131bf74547e43075e469c59926d1e6144d3"
"1540","1","2026-10-03 12:04:23.244+00","2026-10-03",,"other","985b55fd7309f7193bfb4f7fdce6f131bf74547e43075e469c59926d1e6144d3"
"1541","1","2026-10-03 12:04:23.244+00","2026-10-03",,"other","985b55fd7309f7193bfb4f7fdce6f131bf74547e43075e469c59926d1e6144d3"
"1542","1","2026-10-03 12:04:23.244+00","2026-10-03",,"other","985b55fd7309f7193bfb4f7fdce6f131bf74547e43075e469c59926d1e6144d3"
"1543","1","2026-10-03 12:04:23.244+00","2026-10-03",,"other","985b55fd7309f7193bfb4f7fdce6f131bf74547e43075e469c59926d1e6144d3"
"1544","1","2026-10-03 12:04:23.244+00","2026-10-03",,"other","985b55fd7309f7193bfb4f7fdce6f131bf74547e43075e469c59926d1e6144d3"
"1545","1","2026-10-03 12:04:23.244+00","2026-10-03",,"other","985b55fd7309f7193bfb4f7fdce6f131bf74547e43075e469c59926d1e6144d3"
"1546","1","2026-10-03 12:04:23.244+00","2026-10-03",,"other","985b55fd7309f7193bfb4f7fdce6f131bf74547e43075e469c59926d1e6144d3"
"1547","1","2026-10-03 12:04:23.244+00","2026-10-03",,"other","985b55fd7309f7193bfb4f7fdce6f131bf74547e43075e469c59926d1e6144d3"
"1548","1","2026-10-03 12:04:23.244+00","2026-10-03",,"other","985b55fd7309f7193bfb4f7fdce6f131bf74547e43075e469c59926d1e6144d3"
"1549","1","2026-10-03 12:04:23.244+00","2026-10-03",,"other","985b55fd7309f7193bfb4f7fdce6f131bf74547e43075e469c59926d1e6144d3"
"1550","1","2026-10-03 12:04:23.244+00","2026-10-03",,"other","985b55fd7309f7193bfb4f7fdce6f131bf74547e43075e469c59926d1e6144d3"
"1551","1","2026-10-03 12:04:23.244+00","2026-10-03",,"other","985b55fd7309f7193bfb4f7fdce6f131bf74547e43075e469c59926d1e6144d3"
"1552","1","2026-10-03 12:04:23.244+00","2026-10-03",,"other","985b55fd7309f7193bfb4f7fdce6f131bf74547e43075e469c59926d1e6144d3"
"1553","1","2026-10-03 12:04:23.244+00","2026-10-03",,"other","985b55fd7309f7193bfb4f7fdce6f131bf74547e43075e469c59926d1e6144d3"
"1554","1","2026-10-03 12:04:23.244+00","2026-10-03",,"other","985b55fd7309f7193bfb4f7fdce6f131bf74547e43075e469c59926d1e6144d3"
"1555","1","2026-10-03 12:04:23.244+00","2026-10-03",,"other","985b55fd7309f7193bfb4f7fdce6f131bf74547e43075e469c59926d1e6144d3"
"1556","1","2026-10-03 12:04:23.244+00","2026-10-03",,"other","985b55fd7309f7193bfb4f7fdce6f131bf74547e43075e469c59926d1e6144d3"
"1557","1","2026-10-03 12:04:23.244+00","2026-10-03",,"other","985b55fd7309f7193bfb4f7fdce6f131bf74547e43075e469c59926d1e6144d3"
"1558","1","2026-10-03 12:04:23.244+00","2026-10-03",,"other","985b55fd7309f7193bfb4f7fdce6f131bf74547e43075e469c59926d1e6144d3"
"1559","1","2026-10-03 12:04:23.244+00","2026-10-03",,"other","985b55fd7309f7193bfb4f7fdce6f131bf74547e43075e469c59926d1e6144d3"
"1560","1","2026-10-03 12:04:23.244+00","2026-10-03",,"other","985b55fd7309f7193bfb4f7fdce6f131bf74547e43075e469c59926d1e6144d3"
"1561","1","2026-10-03 12:04:23.244+00","2026-10-03",,"other","985b55fd7309f7193bfb4f7fdce6f131bf74547e43075e469c59926d1e6144d3"
"1562","1","2026-10-03 12:04:23.244+00","2026-10-03",,"other","985b55fd7309f7193bfb4f7fdce6f131bf74547e43075e469c59926d1e6144d3"
"1563","1","2026-10-03 12:04:23.244+00","2026-10-03",,"other","985b55fd7309f7193bfb4f7fdce6f131bf74547e43075e469c59926d1e6144d3"
"1564","1","2026-10-03 12:04:23.244+00","2026-10-03",,"other","985b55fd7309f7193bfb4f7fdce6f131bf74547e43075e469c59926d1e6144d3"
"1565","1","2026-10-03 12:04:23.244+00","2026-10-03",,"other","985b55fd7309f7193bfb4f7fdce6f131bf74547e43075e469c59926d1e6144d3"
"1566","1","2026-10-03 12:04:23.244+00","2026-10-03",,"other","985b55fd7309f7193bfb4f7fdce6f131bf74547e43075e469c59926d1e6144d3"
"1567","1","2026-10-03 12:04:23.244+00","2026-10-03",,"other","985b55fd7309f7193bfb4f7fdce6f131bf74547e43075e469c59926d1e6144d3"
"1568","1","2026-10-03 12:04:23.244+00","2026-10-03",,"other","985b55fd7309f7193bfb4f7fdce6f131bf74547e43075e469c59926d1e6144d3"
"1569","1","2026-10-03 12:04:23.244+00","2026-10-03",,"other","985b55fd7309f7193bfb4f7fdce6f131bf74547e43075e469c59926d1e6144d3"
"1570","1","2026-10-03 12:04:23.244+00","2026-10-03",,"other","985b55fd7309f7193bfb4f7fdce6f131bf74547e43075e469c59926d1e6144d3"
"1571","1","2026-10-03 12:04:23.244+00","2026-10-03",,"other","985b55fd7309f7193bfb4f7fdce6f131bf74547e43075e469c59926d1e6144d3"
"1572","1","2026-10-03 12:04:23.244+00","2026-10-03",,"other","985b55fd7309f7193bfb4f7fdce6f131bf74547e43075e469c59926d1e6144d3"
"1573","1","2026-10-03 12:04:23.244+00","2026-10-03",,"other","985b55fd7309f7193bfb4f7fdce6f131bf74547e43075e469c59926d1e6144d3"
"1574","1","2026-10-03 12:04:23.244+00","2026-10-03",,"other","985b55fd7309f7193bfb4f7fdce6f131bf74547e43075e469c59926d1e6144d3"
"1575","1","2026-10-03 12:04:23.244+00","2026-10-03",,"other","985b55fd7309f7193bfb4f7fdce6f131bf74547e43075e469c59926d1e6144d3"
"1576","1","2026-10-03 12:04:23.244+00","2026-10-03",,"other","985b55fd7309f7193bfb4f7fdce6f131bf74547e43075e469c59926d1e6144d3"
"1577","1","2026-10-03 12:04:23.244+00","2026-10-03",,"other","985b55fd7309f7193bfb4f7fdce6f131bf74547e43075e469c59926d1e6144d3"
"1578","1","2026-10-03 12:04:23.244+00","2026-10-03",,"other","985b55fd7309f7193bfb4f7fdce6f131bf74547e43075e469c59926d1e6144d3"
"1579","1","2026-10-03 12:04:23.244+00","2026-10-03",,"other","985b55fd7309f7193bfb4f7fdce6f131bf74547e43075e469c59926d1e6144d3"
"1580","1","2026-10-03 12:04:23.244+00","2026-10-03",,"other","985b55fd7309f7193bfb4f7fdce6f131bf74547e43075e469c59926d1e6144d3"
"1581","1","2026-10-03 12:04:23.244+00","2026-10-03",,"other","985b55fd7309f7193bfb4f7fdce6f131bf74547e43075e469c59926d1e6144d3"
"1582","1","2026-10-03 12:04:23.244+00","2026-10-03",,"other","985b55fd7309f7193bfb4f7fdce6f131bf74547e43075e469c59926d1e6144d3"
"1583","1","2026-10-03 12:04:23.244+00","2026-10-03",,"other","985b55fd7309f7193bfb4f7fdce6f131bf74547e43075e469c59926d1e6144d3"
"1584","1","2026-10-03 12:04:23.244+00","2026-10-03",,"other","985b55fd7309f7193bfb4f7fdce6f131bf74547e43075e469c59926d1e6144d3"
"1585","1","2026-10-03 12:04:23.244+00","2026-10-03",,"other","985b55fd7309f7193bfb4f7fdce6f131bf74547e43075e469c59926d1e6144d3"
"1586","1","2026-10-03 12:04:23.244+00","2026-10-03",,"other","985b55fd7309f7193bfb4f7fdce6f131bf74547e43075e469c59926d1e6144d3"
"1587","1","2026-10-03 12:04:23.244+00","2026-10-03",,"other","985b55fd7309f7193bfb4f7fdce6f131bf74547e43075e469c59926d1e6144d3"
"1588","1","2026-10-03 12:04:23.244+00","2026-10-03",,"other","985b55fd7309f7193bfb4f7fdce6f131bf74547e43075e469c59926d1e6144d3"
"1589","1","2026-10-03 12:04:23.244+00","2026-10-03",,"other","985b55fd7309f7193bfb4f7fdce6f131bf74547e43075e469c59926d1e6144d3"
"1590","1","2026-10-03 12:04:23.244+00","2026-10-03",,"other","985b55fd7309f7193bfb4f7fdce6f131bf74547e43075e469c59926d1e6144d3"
"1591","1","2026-10-03 12:04:23.244+00","2026-10-03",,"other","985b55fd7309f7193bfb4f7fdce6f131bf74547e43075e469c59926d1e6144d3"
"1592","1","2026-10-03 12:04:23.244+00","2026-10-03",,"other","985b55fd7309f7193bfb4f7fdce6f131bf74547e43075e469c59926d1e6144d3"
"1593","1","2026-10-03 12:04:23.244+00","2026-10-03",,"other","985b55fd7309f7193bfb4f7fdce6f131bf74547e43075e469c59926d1e6144d3"
"1594","1","2026-10-03 12:04:23.244+00","2026-10-03",,"other","985b55fd7309f7193bfb4f7fdce6f131bf74547e43075e469c59926d1e6144d3"
"1595","1","2026-10-03 12:04:23.244+00","2026-10-03",,"other","985b55fd7309f7193bfb4f7fdce6f131bf74547e43075e469c59926d1e6144d3"
"1596","1","2026-10-03 12:04:23.244+00","2026-10-03",,"other","985b55fd7309f7193bfb4f7fdce6f131bf74547e43075e469c59926d1e6144d3"
"1597","1","2026-10-03 12:04:23.244+00","2026-10-03",,"other","985b55fd7309f7193bfb4f7fdce6f131bf74547e43075e469c59926d1e6144d3"
"1598","1","2026-10-03 12:04:23.244+00","2026-10-03",,"other","985b55fd7309f7193bfb4f7fdce6f131bf74547e43075e469c59926d1e6144d3"
"1599","1","2026-10-03 12:04:23.244+00","2026-10-03",,"other","985b55fd7309f7193bfb4f7fdce6f131bf74547e43075e469c59926d1e6144d3"
"1600","1","2026-10-03 12:04:23.244+00","2026-10-03",,"other","985b55fd7309f7193bfb4f7fdce6f131bf74547e43075e469c59926d1e6144d3"
"1601","1","2026-10-03 12:04:23.244+00","2026-10-03",,"other","985b55fd7309f7193bfb4f7fdce6f131bf74547e43075e469c59926d1e6144d3"
"1602","1","2026-10-03 12:04:23.244+00","2026-10-03",,"other","985b55fd7309f7193bfb4f7fdce6f131bf74547e43075e469c59926d1e6144d3"
"1603","1","2026-10-03 12:04:23.244+00","2026-10-03",,"other","985b55fd7309f7193bfb4f7fdce6f131bf74547e43075e469c59926d1e6144d3"
"1604","1","2026-10-03 12:04:23.244+00","2026-10-03",,"other","985b55fd7309f7193bfb4f7fdce6f131bf74547e43075e469c59926d1e6144d3"
"1605","1","2026-10-03 12:04:23.244+00","2026-10-03",,"other","985b55fd7309f7193bfb4f7fdce6f131bf74547e43075e469c59926d1e6144d3"
"1606","1","2026-10-03 12:04:23.244+00","2026-10-03",,"other","985b55fd7309f7193bfb4f7fdce6f131bf74547e43075e469c59926d1e6144d3"
"1607","1","2026-10-03 12:04:23.244+00","2026-10-03",,"other","985b55fd7309f7193bfb4f7fdce6f131bf74547e43075e469c59926d1e6144d3"
"1608","1","2026-10-03 12:04:23.244+00","2026-10-03",,"other","985b55fd7309f7193bfb4f7fdce6f131bf74547e43075e469c59926d1e6144d3"
"1609","1","2026-10-03 12:04:23.244+00","2026-10-03",,"other","985b55fd7309f7193bfb4f7fdce6f131bf74547e43075e469c59926d1e6144d3"
"1610","1","2026-10-03 12:04:23.244+00","2026-10-03",,"other","985b55fd7309f7193bfb4f7fdce6f131bf74547e43075e469c59926d1e6144d3"
"1611","1","2026-10-03 12:04:23.244+00","2026-10-03",,"other","985b55fd7309f7193bfb4f7fdce6f131bf74547e43075e469c59926d1e6144d3"
"1612","1","2026-10-03 12:04:23.244+00","2026-10-03",,"other","985b55fd7309f7193bfb4f7fdce6f131bf74547e43075e469c59926d1e6144d3"
"1613","1","2026-10-03 12:04:23.244+00","2026-10-03",,"other","985b55fd7309f7193bfb4f7fdce6f131bf74547e43075e469c59926d1e6144d3"
"1614","1","2026-10-03 12:04:23.244+00","2026-10-03",,"other","985b55fd7309f7193bfb4f7fdce6f131bf74547e43075e469c59926d1e6144d3"
"1615","1","2026-10-03 12:04:23.244+00","2026-10-03",,"other","985b55fd7309f7193bfb4f7fdce6f131bf74547e43075e469c59926d1e6144d3"
"1616","1","2026-10-03 12:04:23.244+00","2026-10-03",,"other","985b55fd7309f7193bfb4f7fdce6f131bf74547e43075e469c59926d1e6144d3"
"1617","1","2026-10-03 12:04:23.244+00","2026-10-03",,"other","985b55fd7309f7193bfb4f7fdce6f131bf74547e43075e469c59926d1e6144d3"
"1618","1","2026-10-03 12:04:23.244+00","2026-10-03",,"other","985b55fd7309f7193bfb4f7fdce6f131bf74547e43075e469c59926d1e6144d3"
"1619","1","2026-10-03 12:04:23.244+00","2026-10-03",,"other","985b55fd7309f7193bfb4f7fdce6f131bf74547e43075e469c59926d1e6144d3"
"1620","1","2026-10-03 12:04:23.244+00","2026-10-03",,"other","985b55fd7309f7193bfb4f7fdce6f131bf74547e43075e469c59926d1e6144d3"
"1621","1","2026-10-03 12:04:23.244+00","2026-10-03",,"other","985b55fd7309f7193bfb4f7fdce6f131bf74547e43075e469c59926d1e6144d3"
"1622","1","2026-10-03 12:04:23.244+00","2026-10-03",,"other","985b55fd7309f7193bfb4f7fdce6f131bf74547e43075e469c59926d1e6144d3"
"1623","1","2026-10-03 12:04:23.244+00","2026-10-03",,"other","985b55fd7309f7193bfb4f7fdce6f131bf74547e43075e469c59926d1e6144d3"
"1624","1","2026-10-03 12:04:23.244+00","2026-10-03",,"other","985b55fd7309f7193bfb4f7fdce6f131bf74547e43075e469c59926d1e6144d3"
"1625","1","2026-10-03 12:04:23.244+00","2026-10-03",,"other","985b55fd7309f7193bfb4f7fdce6f131bf74547e43075e469c59926d1e6144d3"
"1626","1","2026-10-03 12:04:23.244+00","2026-10-03",,"other","985b55fd7309f7193bfb4f7fdce6f131bf74547e43075e469c59926d1e6144d3"
"1627","1","2026-10-03 12:04:23.244+00","2026-10-03",,"other","985b55fd7309f7193bfb4f7fdce6f131bf74547e43075e469c59926d1e6144d3"
"1628","1","2026-10-03 12:04:23.244+00","2026-10-03",,"other","985b55fd7309f7193bfb4f7fdce6f131bf74547e43075e469c59926d1e6144d3"
"1629","1","2026-10-03 12:04:23.244+00","2026-10-03",,"other","985b55fd7309f7193bfb4f7fdce6f131bf74547e43075e469c59926d1e6144d3"
"1630","1","2026-10-03 12:04:23.244+00","2026-10-03",,"other","985b55fd7309f7193bfb4f7fdce6f131bf74547e43075e469c59926d1e6144d3"
"1631","1","2026-10-03 12:04:23.244+00","2026-10-03",,"other","985b55fd7309f7193bfb4f7fdce6f131bf74547e43075e469c59926d1e6144d3"
"1632","1","2026-10-03 12:04:23.244+00","2026-10-03",,"other","985b55fd7309f7193bfb4f7fdce6f131bf74547e43075e469c59926d1e6144d3"
"1633","1","2026-10-03 12:04:23.244+00","2026-10-03",,"other","985b55fd7309f7193bfb4f7fdce6f131bf74547e43075e469c59926d1e6144d3"
"1634","1","2026-10-03 12:04:23.244+00","2026-10-03",,"other","985b55fd7309f7193bfb4f7fdce6f131bf74547e43075e469c59926d1e6144d3"
"1635","1","2026-10-03 12:04:23.244+00","2026-10-03",,"other","985b55fd7309f7193bfb4f7fdce6f131bf74547e43075e469c59926d1e6144d3"
"1636","1","2026-10-03 12:04:23.244+00","2026-10-03",,"other","985b55fd7309f7193bfb4f7fdce6f131bf74547e43075e469c59926d1e6144d3"
"1637","1","2026-10-03 12:04:23.244+00","2026-10-03",,"other","985b55fd7309f7193bfb4f7fdce6f131bf74547e43075e469c59926d1e6144d3"
"1638","1","2026-10-03 12:04:23.244+00","2026-10-03",,"other","985b55fd7309f7193bfb4f7fdce6f131bf74547e43075e469c59926d1e6144d3"
"1639","1","2026-10-03 12:04:23.244+00","2026-10-03",,"other","985b55fd7309f7193bfb4f7fdce6f131bf74547e43075e469c59926d1e6144d3"
"1640","1","2026-10-03 12:04:23.244+00","2026-10-03",,"other","985b55fd7309f7193bfb4f7fdce6f131bf74547e43075e469c59926d1e6144d3"
"1641","1","2026-10-03 12:04:23.244+00","2026-10-03",,"other","985b55fd7309f7193bfb4f7fdce6f131bf74547e43075e469c59926d1e6144d3"
"1642","1","2026-10-03 12:04:23.244+00","2026-10-03",,"other","985b55fd7309f7193bfb4f7fdce6f131bf74547e43075e469c59926d1e6144d3"
"1643","1","2026-10-03 12:04:23.244+00","2026-10-03",,"other","985b55fd7309f7193bfb4f7fdce6f131bf74547e43075e469c59926d1e6144d3"
"1644","1","2026-10-03 12:04:23.244+00","2026-10-03",,"other","985b55fd7309f7193bfb4f7fdce6f131bf74547e43075e469c59926d1e6144d3"
"1645","1","2026-10-03 12:04:23.244+00","2026-10-03",,"other","985b55fd7309f7193bfb4f7fdce6f131bf74547e43075e469c59926d1e6144d3"
"1646","1","2026-10-03 12:04:23.244+00","2026-10-03",,"other","985b55fd7309f7193bfb4f7fdce6f131bf74547e43075e469c59926d1e6144d3"
"1647","1","2026-10-03 12:04:23.244+00","2026-10-03",,"other","985b55fd7309f7193bfb4f7fdce6f131bf74547e43075e469c59926d1e6144d3"
"1648","1","2026-10-03 12:04:23.244+00","2026-10-03",,"other","985b55fd7309f7193bfb4f7fdce6f131bf74547e43075e469c59926d1e6144d3"
"1649","1","2026-10-03 12:04:23.244+00","2026-10-03",,"other","985b55fd7309f7193bfb4f7fdce6f131bf74547e43075e469c59926d1e6144d3"
"1650","1","2026-10-03 12:04:23.244+00","2026-10-03",,"other","985b55fd7309f7193bfb4f7fdce6f131bf74547e43075e469c59926d1e6144d3"
"1651","1","2026-10-03 12:04:23.244+00","2026-10-03",,"other","985b55fd7309f7193bfb4f7fdce6f131bf74547e43075e469c59926d1e6144d3"
"1652","1","2026-10-03 12:04:23.244+00","2026-10-03",,"other","985b55fd7309f7193bfb4f7fdce6f131bf74547e43075e469c59926d1e6144d3"
"1653","1","2026-10-03 12:04:23.244+00","2026-10-03",,"other","985b55fd7309f7193bfb4f7fdce6f131bf74547e43075e469c59926d1e6144d3"
"1654","1","2026-10-03 12:04:23.244+00","2026-10-03",,"other","985b55fd7309f7193bfb4f7fdce6f131bf74547e43075e469c59926d1e6144d3"
"1655","1","2026-10-03 12:04:23.244+00","2026-10-03",,"other","985b55fd7309f7193bfb4f7fdce6f131bf74547e43075e469c59926d1e6144d3"
"1656","1","2026-10-03 12:04:23.244+00","2026-10-03",,"other","985b55fd7309f7193bfb4f7fdce6f131bf74547e43075e469c59926d1e6144d3"
"1657","1","2026-10-03 12:04:23.244+00","2026-10-03",,"other","985b55fd7309f7193bfb4f7fdce6f131bf74547e43075e469c59926d1e6144d3"
"1658","1","2026-10-03 12:04:23.244+00","2026-10-03",,"other","985b55fd7309f7193bfb4f7fdce6f131bf74547e43075e469c59926d1e6144d3"
"1659","1","2026-10-03 12:04:23.244+00","2026-10-03",,"other","985b55fd7309f7193bfb4f7fdce6f131bf74547e43075e469c59926d1e6144d3"
"1660","1","2026-10-03 12:04:23.244+00","2026-10-03",,"other","985b55fd7309f7193bfb4f7fdce6f131bf74547e43075e469c59926d1e6144d3"
"1661","1","2026-10-03 12:04:23.244+00","2026-10-03",,"other","985b55fd7309f7193bfb4f7fdce6f131bf74547e43075e469c59926d1e6144d3"
"1662","1","2026-10-03 12:04:23.244+00","2026-10-03",,"other","985b55fd7309f7193bfb4f7fdce6f131bf74547e43075e469c59926d1e6144d3"
"1663","1","2026-10-03 12:04:23.244+00","2026-10-03",,"other","985b55fd7309f7193bfb4f7fdce6f131bf74547e43075e469c59926d1e6144d3"
"1664","1","2026-10-03 12:04:23.244+00","2026-10-03",,"other","985b55fd7309f7193bfb4f7fdce6f131bf74547e43075e469c59926d1e6144d3"
"1665","1","2026-10-03 12:04:23.244+00","2026-10-03",,"other","985b55fd7309f7193bfb4f7fdce6f131bf74547e43075e469c59926d1e6144d3"
"1666","1","2026-10-03 12:04:23.244+00","2026-10-03",,"other","985b55fd7309f7193bfb4f7fdce6f131bf74547e43075e469c59926d1e6144d3"
"1667","1","2026-10-03 12:04:23.244+00","2026-10-03",,"other","985b55fd7309f7193bfb4f7fdce6f131bf74547e43075e469c59926d1e6144d3"
"1668","1","2026-10-03 12:04:23.244+00","2026-10-03",,"other","985b55fd7309f7193bfb4f7fdce6f131bf74547e43075e469c59926d1e6144d3"
"1669","1","2026-10-03 12:04:23.244+00","2026-10-03",,"other","985b55fd7309f7193bfb4f7fdce6f131bf74547e43075e469c59926d1e6144d3"
"1670","1","2026-10-03 12:04:23.244+00","2026-10-03",,"other","985b55fd7309f7193bfb4f7fdce6f131bf74547e43075e469c59926d1e6144d3"
"1671","1","2026-10-03 12:04:23.244+00","2026-10-03",,"other","985b55fd7309f7193bfb4f7fdce6f131bf74547e43075e469c59926d1e6144d3"
"1672","1","2026-10-03 12:04:23.244+00","2026-10-03",,"other","985b55fd7309f7193bfb4f7fdce6f131bf74547e43075e469c59926d1e6144d3"
"1673","1","2026-10-03 12:04:23.244+00","2026-10-03",,"other","985b55fd7309f7193bfb4f7fdce6f131bf74547e43075e469c59926d1e6144d3"
"1674","1","2026-10-03 12:04:23.244+00","2026-10-03",,"other","985b55fd7309f7193bfb4f7fdce6f131bf74547e43075e469c59926d1e6144d3"
"1675","1","2026-10-03 12:04:23.244+00","2026-10-03",,"other","985b55fd7309f7193bfb4f7fdce6f131bf74547e43075e469c59926d1e6144d3"
"1676","1","2026-10-03 12:04:23.244+00","2026-10-03",,"other","985b55fd7309f7193bfb4f7fdce6f131bf74547e43075e469c59926d1e6144d3"
"1677","1","2026-10-03 12:04:23.244+00","2026-10-03",,"other","985b55fd7309f7193bfb4f7fdce6f131bf74547e43075e469c59926d1e6144d3"
"1678","1","2026-10-03 12:04:23.244+00","2026-10-03",,"other","985b55fd7309f7193bfb4f7fdce6f131bf74547e43075e469c59926d1e6144d3"
"1679","1","2026-10-03 12:04:23.244+00","2026-10-03",,"other","985b55fd7309f7193bfb4f7fdce6f131bf74547e43075e469c59926d1e6144d3"
"1680","1","2026-10-03 12:04:23.244+00","2026-10-03",,"other","985b55fd7309f7193bfb4f7fdce6f131bf74547e43075e469c59926d1e6144d3"
"1681","1","2026-10-03 12:04:23.244+00","2026-10-03",,"other","985b55fd7309f7193bfb4f7fdce6f131bf74547e43075e469c59926d1e6144d3"
"1682","1","2026-10-03 12:04:23.244+00","2026-10-03",,"other","985b55fd7309f7193bfb4f7fdce6f131bf74547e43075e469c59926d1e6144d3"
"1683","1","2026-10-03 12:04:23.244+00","2026-10-03",,"other","985b55fd7309f7193bfb4f7fdce6f131bf74547e43075e469c59926d1e6144d3"
"1684","1","2026-10-03 12:04:23.244+00","2026-10-03",,"other","985b55fd7309f7193bfb4f7fdce6f131bf74547e43075e469c59926d1e6144d3"
"1685","1","2026-10-03 12:04:23.244+00","2026-10-03",,"other","985b55fd7309f7193bfb4f7fdce6f131bf74547e43075e469c59926d1e6144d3"
"1686","1","2026-10-03 12:04:23.244+00","2026-10-03",,"other","985b55fd7309f7193bfb4f7fdce6f131bf74547e43075e469c59926d1e6144d3"
"1687","1","2026-10-03 12:04:23.244+00","2026-10-03",,"other","985b55fd7309f7193bfb4f7fdce6f131bf74547e43075e469c59926d1e6144d3"
"1688","1","2026-10-03 12:04:23.244+00","2026-10-03",,"other","985b55fd7309f7193bfb4f7fdce6f131bf74547e43075e469c59926d1e6144d3"
"1689","1","2026-10-03 12:04:23.244+00","2026-10-03",,"other","985b55fd7309f7193bfb4f7fdce6f131bf74547e43075e469c59926d1e6144d3"
"1690","1","2026-10-03 12:04:23.244+00","2026-10-03",,"other","985b55fd7309f7193bfb4f7fdce6f131bf74547e43075e469c59926d1e6144d3"
"1691","1","2026-10-03 12:04:23.244+00","2026-10-03",,"other","985b55fd7309f7193bfb4f7fdce6f131bf74547e43075e469c59926d1e6144d3"
"1692","1","2026-10-03 12:04:23.244+00","2026-10-03",,"other","985b55fd7309f7193bfb4f7fdce6f131bf74547e43075e469c59926d1e6144d3"
"1693","1","2026-10-03 12:04:23.244+00","2026-10-03",,"other","985b55fd7309f7193bfb4f7fdce6f131bf74547e43075e469c59926d1e6144d3"
"1694","1","2026-10-03 12:04:23.244+00","2026-10-03",,"other","985b55fd7309f7193bfb4f7fdce6f131bf74547e43075e469c59926d1e6144d3"
"1695","1","2026-10-03 12:04:23.244+00","2026-10-03",,"other","985b55fd7309f7193bfb4f7fdce6f131bf74547e43075e469c59926d1e6144d3"
"1696","1","2026-10-03 12:04:23.244+00","2026-10-03",,"other","985b55fd7309f7193bfb4f7fdce6f131bf74547e43075e469c59926d1e6144d3"
"1697","1","2026-10-03 12:04:23.244+00","2026-10-03",,"other","985b55fd7309f7193bfb4f7fdce6f131bf74547e43075e469c59926d1e6144d3"
"1698","1","2026-10-03 12:04:23.244+00","2026-10-03",,"other","985b55fd7309f7193bfb4f7fdce6f131bf74547e43075e469c59926d1e6144d3"
"1699","1","2026-10-03 12:04:23.244+00","2026-10-03",,"other","985b55fd7309f7193bfb4f7fdce6f131bf74547e43075e469c59926d1e6144d3"
"1700","1","2026-10-03 12:04:23.244+00","2026-10-03",,"other","985b55fd7309f7193bfb4f7fdce6f131bf74547e43075e469c59926d1e6144d3"
"1701","1","2026-10-03 12:04:23.244+00","2026-10-03",,"other","985b55fd7309f7193bfb4f7fdce6f131bf74547e43075e469c59926d1e6144d3"
"1702","1","2026-10-03 12:04:23.244+00","2026-10-03",,"other","985b55fd7309f7193bfb4f7fdce6f131bf74547e43075e469c59926d1e6144d3"
"1703","1","2026-10-03 12:04:23.244+00","2026-10-03",,"other","985b55fd7309f7193bfb4f7fdce6f131bf74547e43075e469c59926d1e6144d3"
"1704","1","2026-10-03 12:04:23.244+00","2026-10-03",,"other","985b55fd7309f7193bfb4f7fdce6f131bf74547e43075e469c59926d1e6144d3"
"1705","1","2026-10-03 12:04:23.244+00","2026-10-03",,"other","985b55fd7309f7193bfb4f7fdce6f131bf74547e43075e469c59926d1e6144d3"
"1706","1","2026-10-03 12:04:23.244+00","2026-10-03",,"other","985b55fd7309f7193bfb4f7fdce6f131bf74547e43075e469c59926d1e6144d3"
"1707","1","2026-10-03 12:04:23.244+00","2026-10-03",,"other","985b55fd7309f7193bfb4f7fdce6f131bf74547e43075e469c59926d1e6144d3"
"1708","1","2026-10-03 12:04:23.244+00","2026-10-03",,"other","985b55fd7309f7193bfb4f7fdce6f131bf74547e43075e469c59926d1e6144d3"
"1709","1","2026-10-03 12:04:23.244+00","2026-10-03",,"other","985b55fd7309f7193bfb4f7fdce6f131bf74547e43075e469c59926d1e6144d3"
"1710","1","2026-10-03 12:04:23.244+00","2026-10-03",,"other","985b55fd7309f7193bfb4f7fdce6f131bf74547e43075e469c59926d1e6144d3"
"1711","1","2026-10-03 12:04:23.244+00","2026-10-03",,"other","985b55fd7309f7193bfb4f7fdce6f131bf74547e43075e469c59926d1e6144d3"
"1712","1","2026-10-03 12:04:23.244+00","2026-10-03",,"other","985b55fd7309f7193bfb4f7fdce6f131bf74547e43075e469c59926d1e6144d3"
"1713","1","2026-10-03 12:04:23.244+00","2026-10-03",,"other","985b55fd7309f7193bfb4f7fdce6f131bf74547e43075e469c59926d1e6144d3"
"1714","1","2026-10-03 12:04:23.244+00","2026-10-03",,"other","985b55fd7309f7193bfb4f7fdce6f131bf74547e43075e469c59926d1e6144d3"
"1715","1","2026-10-03 12:04:23.244+00","2026-10-03",,"other","985b55fd7309f7193bfb4f7fdce6f131bf74547e43075e469c59926d1e6144d3"
"1716","1","2026-10-03 12:04:23.244+00","2026-10-03",,"other","985b55fd7309f7193bfb4f7fdce6f131bf74547e43075e469c59926d1e6144d3"
"1717","1","2026-10-03 12:04:23.244+00","2026-10-03",,"other","985b55fd7309f7193bfb4f7fdce6f131bf74547e43075e469c59926d1e6144d3"
"1718","1","2026-10-03 12:04:23.244+00","2026-10-03",,"other","985b55fd7309f7193bfb4f7fdce6f131bf74547e43075e469c59926d1e6144d3"
"1719","1","2026-10-03 12:04:23.244+00","2026-10-03",,"other","985b55fd7309f7193bfb4f7fdce6f131bf74547e43075e469c59926d1e6144d3"
"1720","1","2026-10-03 12:04:23.244+00","2026-10-03",,"other","985b55fd7309f7193bfb4f7fdce6f131bf74547e43075e469c59926d1e6144d3"
"1721","1","2026-10-03 12:04:23.244+00","2026-10-03",,"other","985b55fd7309f7193bfb4f7fdce6f131bf74547e43075e469c59926d1e6144d3"
"1722","1","2026-10-03 12:04:23.244+00","2026-10-03",,"other","985b55fd7309f7193bfb4f7fdce6f131bf74547e43075e469c59926d1e6144d3"
"1723","1","2026-10-03 12:04:23.244+00","2026-10-03",,"other","985b55fd7309f7193bfb4f7fdce6f131bf74547e43075e469c59926d1e6144d3"
"1724","1","2026-10-03 12:04:23.244+00","2026-10-03",,"other","985b55fd7309f7193bfb4f7fdce6f131bf74547e43075e469c59926d1e6144d3"
"1725","1","2026-10-03 12:04:23.244+00","2026-10-03",,"other","985b55fd7309f7193bfb4f7fdce6f131bf74547e43075e469c59926d1e6144d3"
"1726","1","2026-10-03 12:04:23.244+00","2026-10-03",,"other","985b55fd7309f7193bfb4f7fdce6f131bf74547e43075e469c59926d1e6144d3"
"1727","1","2026-10-03 12:04:23.244+00","2026-10-03",,"other","985b55fd7309f7193bfb4f7fdce6f131bf74547e43075e469c59926d1e6144d3"
"1728","1","2026-10-03 12:04:23.244+00","2026-10-03",,"other","985b55fd7309f7193bfb4f7fdce6f131bf74547e43075e469c59926d1e6144d3"
"1729","1","2026-10-03 12:04:23.244+00","2026-10-03",,"other","985b55fd7309f7193bfb4f7fdce6f131bf74547e43075e469c59926d1e6144d3"
"1730","1","2026-10-03 12:04:23.244+00","2026-10-03",,"other","985b55fd7309f7193bfb4f7fdce6f131bf74547e43075e469c59926d1e6144d3"
"1731","1","2026-10-03 12:04:23.244+00","2026-10-03",,"other","985b55fd7309f7193bfb4f7fdce6f131bf74547e43075e469c59926d1e6144d3"
"1732","1","2026-10-03 12:04:23.244+00","2026-10-03",,"other","985b55fd7309f7193bfb4f7fdce6f131bf74547e43075e469c59926d1e6144d3"
"1733","1","2026-10-03 12:04:23.244+00","2026-10-03",,"other","985b55fd7309f7193bfb4f7fdce6f131bf74547e43075e469c59926d1e6144d3"
"1734","1","2026-10-03 12:04:23.244+00","2026-10-03",,"other","985b55fd7309f7193bfb4f7fdce6f131bf74547e43075e469c59926d1e6144d3"
"1735","1","2026-10-03 12:04:23.244+00","2026-10-03",,"other","985b55fd7309f7193bfb4f7fdce6f131bf74547e43075e469c59926d1e6144d3"
"1736","1","2026-10-03 12:04:23.244+00","2026-10-03",,"other","985b55fd7309f7193bfb4f7fdce6f131bf74547e43075e469c59926d1e6144d3"
"1737","1","2026-10-03 12:04:23.244+00","2026-10-03",,"other","985b55fd7309f7193bfb4f7fdce6f131bf74547e43075e469c59926d1e6144d3"
"1738","1","2026-10-03 12:04:23.244+00","2026-10-03",,"other","985b55fd7309f7193bfb4f7fdce6f131bf74547e43075e469c59926d1e6144d3"
"1739","1","2026-10-03 12:04:23.244+00","2026-10-03",,"other","985b55fd7309f7193bfb4f7fdce6f131bf74547e43075e469c59926d1e6144d3"
"1740","1","2026-10-03 12:04:23.244+00","2026-10-03",,"other","985b55fd7309f7193bfb4f7fdce6f131bf74547e43075e469c59926d1e6144d3"
"1741","1","2026-10-03 12:04:23.244+00","2026-10-03",,"other","985b55fd7309f7193bfb4f7fdce6f131bf74547e43075e469c59926d1e6144d3"
"1742","1","2026-10-03 12:04:23.244+00","2026-10-03",,"other","985b55fd7309f7193bfb4f7fdce6f131bf74547e43075e469c59926d1e6144d3"
"1743","1","2026-10-03 12:04:23.244+00","2026-10-03",,"other","985b55fd7309f7193bfb4f7fdce6f131bf74547e43075e469c59926d1e6144d3"
"1744","1","2026-10-03 12:04:23.244+00","2026-10-03",,"other","985b55fd7309f7193bfb4f7fdce6f131bf74547e43075e469c59926d1e6144d3"
"1745","1","2026-10-03 12:04:23.244+00","2026-10-03",,"other","985b55fd7309f7193bfb4f7fdce6f131bf74547e43075e469c59926d1e6144d3"
"1746","1","2026-10-03 12:04:23.244+00","2026-10-03",,"other","985b55fd7309f7193bfb4f7fdce6f131bf74547e43075e469c59926d1e6144d3"
"1747","1","2026-10-03 12:04:23.244+00","2026-10-03",,"other","985b55fd7309f7193bfb4f7fdce6f131bf74547e43075e469c59926d1e6144d3"
"1748","1","2026-10-03 12:04:23.244+00","2026-10-03",,"other","985b55fd7309f7193bfb4f7fdce6f131bf74547e43075e469c59926d1e6144d3"
"1749","1","2026-10-03 12:04:23.244+00","2026-10-03",,"other","985b55fd7309f7193bfb4f7fdce6f131bf74547e43075e469c59926d1e6144d3"
"1750","1","2026-10-03 12:04:23.244+00","2026-10-03",,"other","985b55fd7309f7193bfb4f7fdce6f131bf74547e43075e469c59926d1e6144d3"
"1751","1","2026-10-03 12:04:23.244+00","2026-10-03",,"other","985b55fd7309f7193bfb4f7fdce6f131bf74547e43075e469c59926d1e6144d3"
"1752","1","2026-10-03 12:04:23.244+00","2026-10-03",,"other","985b55fd7309f7193bfb4f7fdce6f131bf74547e43075e469c59926d1e6144d3"
"1753","1","2026-10-03 12:04:23.244+00","2026-10-03",,"other","985b55fd7309f7193bfb4f7fdce6f131bf74547e43075e469c59926d1e6144d3"
"1754","1","2026-10-03 12:04:23.244+00","2026-10-03",,"other","985b55fd7309f7193bfb4f7fdce6f131bf74547e43075e469c59926d1e6144d3"
"1755","1","2026-10-03 12:04:23.244+00","2026-10-03",,"other","985b55fd7309f7193bfb4f7fdce6f131bf74547e43075e469c59926d1e6144d3"
"1756","1","2026-10-03 12:04:23.244+00","2026-10-03",,"other","985b55fd7309f7193bfb4f7fdce6f131bf74547e43075e469c59926d1e6144d3"
"1757","1","2026-10-03 12:04:23.244+00","2026-10-03",,"other","985b55fd7309f7193bfb4f7fdce6f131bf74547e43075e469c59926d1e6144d3"
"1758","1","2026-10-03 12:04:23.244+00","2026-10-03",,"other","985b55fd7309f7193bfb4f7fdce6f131bf74547e43075e469c59926d1e6144d3"
"1759","1","2026-10-03 12:04:23.244+00","2026-10-03",,"other","985b55fd7309f7193bfb4f7fdce6f131bf74547e43075e469c59926d1e6144d3"
"1760","1","2026-10-03 12:04:23.244+00","2026-10-03",,"other","985b55fd7309f7193bfb4f7fdce6f131bf74547e43075e469c59926d1e6144d3"
"1761","1","2026-10-03 12:04:23.244+00","2026-10-03",,"other","985b55fd7309f7193bfb4f7fdce6f131bf74547e43075e469c59926d1e6144d3"
"1762","1","2026-10-03 12:04:23.244+00","2026-10-03",,"other","985b55fd7309f7193bfb4f7fdce6f131bf74547e43075e469c59926d1e6144d3"
"1763","1","2026-10-03 12:04:23.244+00","2026-10-03",,"other","985b55fd7309f7193bfb4f7fdce6f131bf74547e43075e469c59926d1e6144d3"
"1764","1","2026-10-03 12:04:23.244+00","2026-10-03",,"other","985b55fd7309f7193bfb4f7fdce6f131bf74547e43075e469c59926d1e6144d3"
"1765","1","2026-10-03 12:04:23.244+00","2026-10-03",,"other","985b55fd7309f7193bfb4f7fdce6f131bf74547e43075e469c59926d1e6144d3"
"1766","1","2026-10-03 12:04:23.244+00","2026-10-03",,"other","985b55fd7309f7193bfb4f7fdce6f131bf74547e43075e469c59926d1e6144d3"
"1767","1","2026-10-03 12:04:23.244+00","2026-10-03",,"other","985b55fd7309f7193bfb4f7fdce6f131bf74547e43075e469c59926d1e6144d3"
"1768","1","2026-10-03 12:04:23.244+00","2026-10-03",,"other","985b55fd7309f7193bfb4f7fdce6f131bf74547e43075e469c59926d1e6144d3"
"1769","1","2026-10-03 12:04:23.244+00","2026-10-03",,"other","985b55fd7309f7193bfb4f7fdce6f131bf74547e43075e469c59926d1e6144d3"
"1770","1","2026-10-03 12:04:23.244+00","2026-10-03",,"other","985b55fd7309f7193bfb4f7fdce6f131bf74547e43075e469c59926d1e6144d3"
"1771","1","2026-10-03 12:04:23.244+00","2026-10-03",,"other","985b55fd7309f7193bfb4f7fdce6f131bf74547e43075e469c59926d1e6144d3"
"1772","1","2026-10-03 12:04:23.244+00","2026-10-03",,"other","985b55fd7309f7193bfb4f7fdce6f131bf74547e43075e469c59926d1e6144d3"
"1773","1","2026-10-03 12:04:23.244+00","2026-10-03",,"other","985b55fd7309f7193bfb4f7fdce6f131bf74547e43075e469c59926d1e6144d3"
"1774","1","2026-10-03 12:04:23.244+00","2026-10-03",,"other","985b55fd7309f7193bfb4f7fdce6f131bf74547e43075e469c59926d1e6144d3"
"1775","1","2026-10-03 12:04:23.244+00","2026-10-03",,"other","985b55fd7309f7193bfb4f7fdce6f131bf74547e43075e469c59926d1e6144d3"
"1776","1","2026-10-03 12:04:23.244+00","2026-10-03",,"other","985b55fd7309f7193bfb4f7fdce6f131bf74547e43075e469c59926d1e6144d3"
"1777","1","2026-10-03 12:04:23.244+00","2026-10-03",,"other","985b55fd7309f7193bfb4f7fdce6f131bf74547e43075e469c59926d1e6144d3"
"1778","1","2026-10-03 12:04:23.244+00","2026-10-03",,"other","985b55fd7309f7193bfb4f7fdce6f131bf74547e43075e469c59926d1e6144d3"
"1779","1","2026-10-03 12:04:23.244+00","2026-10-03",,"other","985b55fd7309f7193bfb4f7fdce6f131bf74547e43075e469c59926d1e6144d3"
"1780","1","2026-10-03 12:04:23.244+00","2026-10-03",,"other","985b55fd7309f7193bfb4f7fdce6f131bf74547e43075e469c59926d1e6144d3"
"1781","1","2026-10-03 12:04:23.244+00","2026-10-03",,"other","985b55fd7309f7193bfb4f7fdce6f131bf74547e43075e469c59926d1e6144d3"
"1782","1","2026-10-03 12:04:23.244+00","2026-10-03",,"other","985b55fd7309f7193bfb4f7fdce6f131bf74547e43075e469c59926d1e6144d3"
"1783","1","2026-10-03 12:04:23.244+00","2026-10-03",,"other","985b55fd7309f7193bfb4f7fdce6f131bf74547e43075e469c59926d1e6144d3"
"1784","1","2026-10-03 12:04:23.244+00","2026-10-03",,"other","985b55fd7309f7193bfb4f7fdce6f131bf74547e43075e469c59926d1e6144d3"
"1785","1","2026-10-03 12:04:23.244+00","2026-10-03",,"other","985b55fd7309f7193bfb4f7fdce6f131bf74547e43075e469c59926d1e6144d3"
"1786","1","2026-10-03 12:04:23.244+00","2026-10-03",,"other","985b55fd7309f7193bfb4f7fdce6f131bf74547e43075e469c59926d1e6144d3"
"1787","1","2026-10-03 12:04:23.244+00","2026-10-03",,"other","985b55fd7309f7193bfb4f7fdce6f131bf74547e43075e469c59926d1e6144d3"
"1788","1","2026-10-03 12:04:23.244+00","2026-10-03",,"other","985b55fd7309f7193bfb4f7fdce6f131bf74547e43075e469c59926d1e6144d3"
"1789","1","2026-10-03 12:04:23.244+00","2026-10-03",,"other","985b55fd7309f7193bfb4f7fdce6f131bf74547e43075e469c59926d1e6144d3"
"1790","1","2026-10-03 12:04:23.244+00","2026-10-03",,"other","985b55fd7309f7193bfb4f7fdce6f131bf74547e43075e469c59926d1e6144d3"
"1791","1","2026-10-03 12:04:23.244+00","2026-10-03",,"other","985b55fd7309f7193bfb4f7fdce6f131bf74547e43075e469c59926d1e6144d3"
"1792","1","2026-10-03 12:04:23.244+00","2026-10-03",,"other","985b55fd7309f7193bfb4f7fdce6f131bf74547e43075e469c59926d1e6144d3"
"1793","1","2026-10-03 12:04:23.244+00","2026-10-03",,"other","985b55fd7309f7193bfb4f7fdce6f131bf74547e43075e469c59926d1e6144d3"
"1794","1","2026-10-03 12:04:23.244+00","2026-10-03",,"other","985b55fd7309f7193bfb4f7fdce6f131bf74547e43075e469c59926d1e6144d3"
"1795","1","2026-10-03 12:04:23.244+00","2026-10-03",,"other","985b55fd7309f7193bfb4f7fdce6f131bf74547e43075e469c59926d1e6144d3"
"1796","1","2026-10-03 12:04:23.244+00","2026-10-03",,"other","985b55fd7309f7193bfb4f7fdce6f131bf74547e43075e469c59926d1e6144d3"
"1797","1","2026-10-03 12:04:23.244+00","2026-10-03",,"other","985b55fd7309f7193bfb4f7fdce6f131bf74547e43075e469c59926d1e6144d3"
"1798","1","2026-10-03 12:04:23.244+00","2026-10-03",,"other","985b55fd7309f7193bfb4f7fdce6f131bf74547e43075e469c59926d1e6144d3"
"1799","1","2026-10-03 12:04:23.244+00","2026-10-03",,"other","985b55fd7309f7193bfb4f7fdce6f131bf74547e43075e469c59926d1e6144d3"
"1800","1","2026-10-03 12:04:23.244+00","2026-10-03",,"other","985b55fd7309f7193bfb4f7fdce6f131bf74547e43075e469c59926d1e6144d3"
"1801","1","2026-10-03 12:04:23.244+00","2026-10-03",,"other","985b55fd7309f7193bfb4f7fdce6f131bf74547e43075e469c59926d1e6144d3"
"1802","1","2026-10-03 12:04:23.244+00","2026-10-03",,"other","a2dfd51b314dbb5864b72b0bd285d714b4a3dd7accfd6c9285737bdc37773820"
"1803","1","2026-10-03 12:04:23.244+00","2026-10-03",,"other","a2dfd51b314dbb5864b72b0bd285d714b4a3dd7accfd6c9285737bdc37773820"
"1804","1","2026-10-03 12:04:23.244+00","2026-10-03",,"other","a2dfd51b314dbb5864b72b0bd285d714b4a3dd7accfd6c9285737bdc37773820"
"1805","1","2026-10-03 12:04:23.244+00","2026-10-03",,"other","a2dfd51b314dbb5864b72b0bd285d714b4a3dd7accfd6c9285737bdc37773820"
"1806","1","2026-10-03 12:04:23.244+00","2026-10-03",,"other","a2dfd51b314dbb5864b72b0bd285d714b4a3dd7accfd6c9285737bdc37773820"
